order_id,purchase_date,customer_state,order_status,item_count,distinct_category_count,item_value_brl,freight_value_brl,payment_type_count,maximum_installments,mean_review_score,delivery_days,delivered_late
ord_35b09fef86084a20db2abf83,2017-01-16,MG,delivered,1,1,345.00,27.64,1,7,5.0,8,false
ord_fc84447aab12a9b127067fe1,2017-02-09,MG,delivered,2,1,353.92,87.40,1,10,5.0,13,false
ord_4721fc9c4040a231202420aa,2017-02-25,MG,delivered,1,0,109.90,14.54,1,1,1.0,11,false
ord_3279df7c8378ed15674cadd7,2017-03-03,MG,delivered,1,1,109.90,15.98,1,2,5.0,6,false
ord_4ff4775f24ef5c69d7a00416,2017-03-19,MG,delivered,1,1,68.00,17.32,1,4,5.0,9,false
ord_fde7613e66499c239ca6b3b6,2017-04-02,MG,delivered,1,1,19.99,14.52,1,3,2.0,10,false
ord_5887b8479edbb9531b236f83,2017-04-11,MG,delivered,1,1,59.90,14.59,1,3,5.0,17,false
ord_bf0cb081dc72e9f856114549,2017-05-02,MG,delivered,1,1,238.00,28.14,1,10,5.0,17,false
ord_9fdca203af1b0d6745045f4d,2017-05-30,MG,delivered,1,1,29.90,16.79,1,4,5.0,14,false
ord_d2539217a6aa07e7cb784b1b,2017-05-31,MG,delivered,1,1,144.00,15.76,1,1,5.0,14,false
ord_23c0a89dbdef14f8f50e6120,2017-06-15,MG,delivered,1,1,449.90,20.72,1,5,1.0,12,false
ord_c59a51004d17ab3ac9cdcb5c,2017-07-04,MG,delivered,1,1,29.90,12.48,1,4,5.0,2,false
ord_1bc2f03f0f2aadb32e79c3fa,2017-07-07,MG,delivered,1,1,119.94,34.20,1,1,5.0,12,false
ord_06a741d2fe52ce282b8e3fc7,2017-07-14,MG,delivered,1,1,549.99,18.60,1,3,4.0,6,false
ord_5850168465ca57aeca561667,2017-07-29,MG,delivered,1,1,153.90,49.61,1,1,4.0,11,false
ord_bf068913de5668f9f7240b7b,2017-07-29,MG,delivered,1,1,307.95,34.61,1,10,5.0,12,false
ord_2fa42b21caffbc3d8b534f69,2017-08-06,MG,delivered,1,1,58.99,17.66,1,7,5.0,9,false
ord_3abb4f0168ac74c6e55ae542,2017-08-06,MG,delivered,1,1,41.73,15.10,1,2,5.0,16,false
ord_0ea98b5775e17ac3b8107405,2017-08-10,MG,delivered,1,1,59.90,14.17,1,3,4.0,13,false
ord_732e57f3ba35714b0a240503,2017-08-15,MG,delivered,1,1,134.99,15.70,1,3,5.0,7,false
ord_b6aa9e99b9c201fcb72ddfdf,2017-08-15,MG,delivered,1,1,99.90,21.19,1,1,5.0,9,false
ord_6036cc4b76bae44d9c8b5961,2017-08-31,MG,delivered,2,2,169.80,32.15,1,8,5.0,8,false
ord_528fa0378200d6bd696e4af7,2017-09-09,MG,delivered,1,1,46.99,14.08,1,1,5.0,12,false
ord_fd1441669bdf837a34a4a55f,2017-09-10,MG,delivered,1,1,54.99,15.13,1,1,3.0,12,false
ord_294d711972265a3ed905c8dc,2017-09-13,MG,delivered,1,1,89.90,17.88,1,6,4.0,5,false
ord_56f66f9fc63e9e1fd2738aa5,2017-09-13,MG,delivered,1,0,39.90,12.48,1,2,5.0,5,false
ord_7a9629b674aa2f6f8c56ec99,2017-09-14,MG,delivered,2,1,106.98,33.96,1,2,2.0,8,false
ord_c351e75bb70c1f99ab1f8a08,2017-09-24,MG,delivered,1,1,89.90,15.38,1,3,4.0,8,false
ord_53f18778b84db02f3a208981,2017-10-09,MG,delivered,1,1,19.90,15.10,1,1,5.0,9,false
ord_96964a2581930952a89f17ca,2017-10-23,MG,delivered,1,1,239.00,14.69,1,5,4.0,26,false
ord_d49d2b619f758e9779b5a35b,2017-11-09,MG,delivered,2,2,189.89,41.45,1,1,3.0,5,false
ord_1983ed279bafdf347df550fc,2017-11-24,MG,delivered,1,1,325.00,17.02,1,10,4.0,9,false
ord_f7bdd9a4ffb4ae2e82cca205,2017-11-26,MG,delivered,1,1,45.95,15.10,1,1,5.0,14,false
ord_f67b5ab9f819355399b8547a,2017-12-01,MG,delivered,1,1,140.00,57.65,1,1,3.0,13,false
ord_a96af9d20ba6db8866457c99,2017-12-02,MG,delivered,1,1,199.99,16.15,1,10,1.0,27,true
ord_1fce82f9b7f04a5dc90fcbeb,2017-12-04,MG,delivered,1,1,289.99,13.73,1,4,5.0,15,false
ord_73e651f8920ebc723090f086,2017-12-12,MG,delivered,1,1,99.99,16.95,1,10,2.0,7,false
ord_f9a007d3ba7dd5f6afcde990,2017-12-24,MG,delivered,1,1,99.90,16.46,1,4,5.0,12,false
ord_f5ece635f2e8f79ac1be67ed,2018-01-08,MG,delivered,1,1,99.90,19.94,1,3,4.0,22,false
ord_fcd6e0ecb4ad8ab6a4a9c4bc,2018-01-10,MG,delivered,1,1,27.99,15.10,1,4,5.0,13,false
ord_69ef6a1643235af7b956c244,2018-02-02,MG,delivered,1,1,130.00,20.15,1,3,5.0,14,false
ord_7c5c6be912a944e1323aae16,2018-02-03,MG,delivered,2,1,177.75,34.11,1,3,5.0,24,false
ord_abc9aca2b7caf56f631116c5,2018-02-05,MG,delivered,1,1,54.90,16.14,1,4,5.0,14,false
ord_0bd371f118460f540aff7202,2018-02-11,MG,delivered,1,1,81.50,15.32,1,1,1.0,25,true
ord_9e662ca91583fb7727094772,2018-02-12,MG,delivered,1,1,655.00,21.84,1,8,1.0,32,true
ord_a11b3de81ec720c68a09f1a2,2018-02-14,MG,delivered,1,1,109.99,16.53,1,1,1.0,34,true
ord_31fbf7fbfce6b5c6d77fd8ac,2018-03-02,MG,delivered,1,1,189.99,17.09,1,12,5.0,24,true
ord_904eebb8029bf5d780682f29,2018-03-02,MG,delivered,1,1,18.90,16.79,1,1,2.0,14,false
ord_9f158601f63ea15024cca806,2018-03-06,MG,delivered,1,1,40.90,18.23,1,1,1.0,30,true
ord_993330c5427737e8665044d9,2018-03-09,MG,delivered,1,1,29.99,18.23,1,3,1.0,32,true
ord_735e2dddfb0850c23dc095b0,2018-03-11,MG,delivered,1,1,110.00,29.08,1,3,3.0,9,false
ord_36ae55a4d76da71e8a208df1,2018-03-13,MG,delivered,1,1,180.00,19.14,1,1,5.0,32,true
ord_5c996710760b9d530196d32a,2018-03-13,MG,delivered,2,1,358.00,38.26,1,5,1.0,24,true
ord_12a013decb97c19272bbf83a,2018-03-15,MG,delivered,1,1,119.90,26.92,1,5,2.0,22,true
ord_704667a3687791dd199ea544,2018-03-20,MG,delivered,2,1,299.80,58.96,1,5,2.0,13,false
ord_c23a6c5c22fc7fbd58032d0c,2018-03-20,MG,delivered,1,1,110.00,27.04,1,1,5.0,8,false
ord_d15f4ae41316af16c1b7b9da,2018-03-23,MG,delivered,2,1,204.75,42.24,1,3,3.0,13,false
ord_68ba28452446b774e05bdcaa,2018-03-26,MG,delivered,1,1,67.60,18.35,1,4,5.0,9,false
ord_ab88017a6496e6831599be9b,2018-03-27,MG,delivered,1,1,349.90,27.13,1,1,2.0,10,false
ord_cb31cfbb5020deec818cf713,2018-03-27,MG,delivered,1,1,69.90,28.80,1,1,4.0,14,false
ord_9db2e85119fe3ad11f784165,2018-04-01,MG,delivered,2,1,149.69,32.04,1,4,1.0,6,false
ord_40ef13316dbaceb04e81a621,2018-04-06,MG,delivered,1,1,89.99,13.75,1,1,5.0,18,false
ord_10ae97fd656f685d9203a3f1,2018-04-12,MG,delivered,1,1,99.90,23.28,1,4,4.0,14,false
ord_3d06b7d58f8a17058ef95bff,2018-04-13,MG,delivered,1,1,120.00,34.38,1,1,5.0,12,false
ord_b72a2facccca03be707a2a5e,2018-04-19,MG,delivered,1,1,115.90,26.89,1,2,5.0,11,false
ord_16949a498e1758884fdcab29,2018-04-21,MG,delivered,1,1,79.99,15.38,1,5,5.0,6,false
ord_ee823fc9e07075ac7b62cd91,2018-05-08,MG,delivered,1,1,39.50,19.32,1,1,5.0,10,false
ord_258a8b67c957fda553933146,2018-05-14,MG,delivered,1,1,239.80,19.23,1,1,5.0,4,false
ord_6f997f13745682f25cb7aa25,2018-05-14,MG,delivered,1,1,110.00,15.20,1,3,2.0,7,false
ord_c60ae0bcd2687a631f96f04d,2018-05-14,MG,delivered,1,1,166.00,12.85,1,1,5.0,15,true
ord_cab26149c45b93fc25e79bad,2018-05-14,MG,delivered,1,1,519.00,16.07,1,6,3.0,18,true
ord_5154f5e0d39999afcf59ef15,2018-05-15,MG,delivered,1,1,166.00,20.13,1,8,4.0,7,false
ord_c9f4ab6b8abd7492f1e26fbb,2018-05-15,MG,delivered,1,1,90.00,19.60,1,1,5.0,4,false
ord_8dd54815fe8e2282b7db6e86,2018-05-17,MG,delivered,1,1,174.99,18.80,1,1,5.0,18,false
ord_231f9c74d4f1b2a18d627b41,2018-05-29,MG,delivered,1,1,65.00,15.33,1,6,5.0,8,false
ord_53398c5f294cb7f36d5a62eb,2018-05-31,MG,delivered,1,1,199.90,27.48,1,4,5.0,8,false
ord_554b57f86b2cd38a6378272e,2018-06-02,MG,delivered,1,1,98.00,18.57,1,8,1.0,10,false
ord_aef5d5a7ad88824a8afad496,2018-06-13,MG,delivered,1,1,39.99,13.62,1,1,1.0,2,false
ord_95574a6f75c0765c938b796b,2018-06-18,MG,delivered,1,1,52.90,23.17,1,7,5.0,10,false
ord_da4a2632fb6b7322136358c0,2018-06-21,MG,delivered,1,1,89.90,19.82,1,3,5.0,7,false
ord_4c89f291ad947449ac2ad489,2018-06-25,MG,delivered,2,1,179.80,70.96,1,4,1.0,4,false
ord_5cdef4a2ed27d8a64cb74d2e,2018-06-25,MG,delivered,1,1,89.50,15.70,1,1,5.0,8,false
ord_3bd6e1599b062076e8cdd3b5,2018-06-30,MG,delivered,1,1,35.90,15.32,1,1,4.0,9,false
ord_17f8a6fd5abb026b9bf2bd8e,2018-07-18,MG,delivered,1,1,118.99,27.13,1,2,5.0,12,false
ord_0c00a8f28285b222843b6eb8,2018-07-19,MG,delivered,1,1,65.00,18.56,1,3,5.0,11,false
ord_feabe0385ab1d7107d853622,2018-07-20,MG,delivered,1,1,197.90,24.15,1,3,1.0,11,false
ord_9f1345ecd9308ac7930eb7d3,2018-07-23,MG,delivered,2,1,169.98,36.80,1,4,4.0,9,false
ord_b520d482374bdfd78a688004,2018-07-23,MG,delivered,1,1,19.90,19.33,1,3,1.0,8,false
ord_999ac8dbaa2cc2d543144642,2018-07-24,MG,delivered,1,1,70.00,31.36,1,10,5.0,7,false
ord_29d960dfcd493fcc33c3bf36,2018-07-27,MG,delivered,1,1,118.80,9.34,1,5,5.0,4,false
ord_50174d9318668f397c0041c4,2018-07-28,MG,delivered,1,1,119.00,17.96,1,3,5.0,10,false
ord_12983285085b549379274e0c,2018-08-02,MG,delivered,1,1,49.00,18.44,1,1,3.0,7,false
ord_9ec9b535e60b045df3595d72,2018-08-04,MG,delivered,3,1,255.27,70.43,1,10,1.0,3,false
ord_e39f3d198b9200d802daf3b1,2018-08-08,MG,delivered,1,1,32.00,16.41,1,1,5.0,7,false
ord_21c116988245a631d31eeb1e,2018-08-10,MG,delivered,2,1,278.00,38.14,1,3,2.0,17,false
ord_2061d5b4fb38743a88e52852,2018-08-19,MG,delivered,1,1,24.90,14.47,1,1,5.0,5,false
ord_653fdd75b3d8847ecb42c4e6,2018-08-20,MG,delivered,1,1,49.90,19.54,1,1,3.0,10,false
ord_c0b453f59d9eaf423d029b9b,2018-08-20,MG,delivered,2,1,1300.00,78.00,1,8,5.0,9,false
ord_450e025b50752dde066eb105,2018-08-22,MG,delivered,1,1,36.94,15.36,1,1,5.0,6,false
ord_176ff614dada36900329341e,2018-08-24,MG,delivered,1,1,219.00,45.33,1,1,5.0,6,false
ord_fed4b9623b2a323cd32464af,2017-01-26,PR,delivered,1,1,89.57,15.39,1,1,5.0,13,false
ord_7c5a20d9766602f4493d058c,2017-02-05,PR,delivered,1,1,25.00,14.52,1,1,1.0,10,false
ord_9d142d1df3d50286637ad06b,2017-02-05,PR,delivered,2,1,256.98,46.71,1,10,4.0,18,false
ord_812369cf46f5dfc5c3d9bd21,2017-03-03,PR,delivered,1,1,19.00,14.52,1,3,1.0,14,false
ord_4f8e0a16e42a82bc60ddef60,2017-03-07,PR,delivered,1,1,18.99,16.05,1,2,5.0,8,false
ord_4ce7c53d416774a5e46554cf,2017-06-11,PR,delivered,1,1,44.90,35.84,1,9,5.0,23,false
ord_004287daafcbbe0d430d7b20,2017-06-18,PR,delivered,1,1,199.90,17.88,1,1,5.0,8,false
ord_6eed850b026e6f27495044fe,2017-06-18,PR,delivered,1,1,134.90,21.43,1,8,3.0,11,false
ord_7d20f232b7a32dfcd36bb218,2017-06-27,PR,delivered,1,1,329.00,17.06,1,10,5.0,2,false
ord_6ed47946b4ab4d52684defa8,2017-07-09,PR,delivered,1,1,104.99,14.46,1,1,5.0,8,false
ord_ed43f2a35a60dcfd8b287be8,2017-07-15,PR,delivered,1,1,179.90,17.02,1,1,5.0,9,false
ord_f537474939d2c8fabf498ef1,2017-07-19,PR,delivered,1,1,129.99,18.16,1,7,5.0,8,false
ord_c1151853ded09caf359bb616,2017-07-21,PR,delivered,1,1,139.90,16.74,1,7,5.0,11,false
ord_465383b7292be28cbf67474a,2017-07-31,PR,delivered,1,1,49.90,15.10,1,6,1.0,11,false
ord_262d93f18b1ca5ef4fd1c7d9,2017-08-07,PR,delivered,1,1,58.99,17.66,1,3,5.0,11,false
ord_b1ae9126cf8d89ca38346e60,2017-08-24,PR,delivered,1,1,69.90,16.25,2,1,5.0,11,false
ord_07879336c1c7338b75e554f6,2017-08-30,PR,delivered,1,1,35.90,16.11,1,1,5.0,7,false
ord_9bfee0e536ffd58038628ae2,2017-09-01,PR,delivered,1,1,466.00,23.75,1,1,4.0,13,false
ord_035f62f7d6f60c1877ea264e,2017-09-11,PR,delivered,1,1,69.90,16.25,1,1,4.0,21,false
ord_6f31c4efc9894853874b9d81,2017-09-22,PR,delivered,1,1,129.99,18.16,1,2,5.0,10,false
ord_1d3b454b689777e1cacfd267,2017-09-25,PR,delivered,1,1,99.00,16.94,1,1,4.0,7,false
ord_7ca05c7d37e53dcc8316b777,2017-09-29,PR,delivered,1,1,59.90,15.17,1,2,5.0,7,false
ord_552c61de03a21d6f1b2fbf89,2017-09-30,PR,delivered,1,1,18.90,12.48,1,3,2.0,9,false
ord_a8762fae7f5ba7ef7187f7b4,2017-10-21,PR,delivered,1,1,169.99,13.32,1,2,5.0,6,false
ord_df89b5dbba56d5fa51e5ed98,2017-10-24,PR,delivered,1,1,88.60,20.11,1,2,5.0,27,true
ord_7453c67c6ee60d6833f57a9f,2017-11-02,PR,delivered,2,1,37.98,15.10,1,3,5.0,6,false
ord_8d4136ee6a6695850e045c27,2017-11-06,PR,delivered,1,1,44.90,16.11,1,2,5.0,14,false
ord_68255d5d83542f6a0fa9615c,2017-11-09,PR,delivered,1,1,39.90,16.60,1,5,5.0,11,false
ord_4a8c94dd85c6f1a30fee5315,2017-11-16,PR,delivered,2,1,299.80,43.08,1,1,5.0,8,false
ord_3edae0d2c59d3d55950085e6,2017-11-21,PR,delivered,1,1,146.00,15.77,1,1,5.0,7,false
ord_f6cfc4dbd97a1e78cb830103,2017-11-23,PR,delivered,2,1,219.80,31.04,1,1,5.0,11,false
ord_424e546a8d8242e363bd8435,2017-11-24,PR,delivered,1,1,78.90,9.97,1,1,4.0,4,false
ord_70bcf5d942fc5d20df623ba9,2017-11-24,PR,delivered,1,1,49.95,15.10,1,2,3.0,22,false
ord_f00062ba6ffbe3f3ac01cb87,2017-11-24,PR,delivered,1,1,49.00,17.60,1,1,4.0,18,false
ord_9547ce87e2386697c510af03,2017-11-25,PR,delivered,1,1,82.99,17.83,1,10,5.0,21,false
ord_2e2f36b191abafed625e2957,2017-12-06,PR,delivered,1,1,28.90,14.10,1,1,5.0,7,false
ord_38605ec34af5767ff0c091aa,2017-12-08,PR,delivered,1,1,99.00,15.45,1,10,5.0,38,true
ord_509ee60ddf7baeb137c94846,2017-12-15,PR,delivered,1,1,74.90,15.27,1,1,5.0,24,false
ord_f8fa2f46a797be12c98d2ec7,2017-12-16,PR,delivered,1,0,27.90,16.79,1,4,5.0,7,false
ord_d09494f08b3ab57eb35e1ff9,2017-12-18,PR,delivered,1,1,1899.00,97.32,1,10,1.0,42,true
ord_7cac13cd478bfefdf234c937,2017-12-25,PR,delivered,1,1,69.90,15.24,1,4,3.0,9,false
ord_f3d934f77c52dfdd3c68d8a6,2017-12-28,PR,delivered,1,1,27.99,15.10,1,4,3.0,21,false
ord_cef0b604c01f6011c795288c,2017-12-31,PR,delivered,1,1,124.99,17.31,2,1,1.0,15,false
ord_c6f59aa6eb79dece69e4921f,2018-01-03,PR,delivered,2,2,292.90,35.55,1,1,1.0,20,false
ord_a4c0249d50b2c5a7ef6f36a7,2018-01-06,PR,delivered,1,1,59.90,19.66,1,2,5.0,11,false
ord_1f6f0b0226ba60574dda3184,2018-01-08,PR,delivered,1,1,27.99,15.10,1,1,5.0,8,false
ord_8e26512148aca4c362ce43e6,2018-01-13,PR,delivered,1,1,90.90,45.10,1,10,5.0,16,false
ord_5a78961a82e4d44cb1353eca,2018-01-18,PR,delivered,1,1,35.90,16.79,1,1,5.0,8,false
ord_51251cdb3099268bb3b56c33,2018-01-21,PR,delivered,1,1,49.90,17.60,1,1,4.0,17,false
ord_756fe9be191f7d53d9495f9f,2018-01-22,PR,delivered,1,1,120.00,50.71,1,1,5.0,10,false
ord_a9550da2f0abe5534a93285b,2018-02-14,PR,delivered,1,1,94.90,17.91,1,2,5.0,14,false
ord_593ce6899e7bd6b5071262f7,2018-02-20,PR,delivered,1,1,61.80,16.68,1,1,5.0,7,false
ord_8523fd8863852190ec041ae1,2018-02-20,PR,delivered,1,1,82.90,17.25,1,1,1.0,3,false
ord_dc346a90d95319ba06b42a07,2018-02-20,PR,delivered,1,1,27.90,15.10,1,1,4.0,17,false
ord_c7dc55b8d1bdd63ee868ca98,2018-02-21,PR,delivered,1,1,88.89,15.37,1,1,5.0,13,false
ord_64b5df7aed31d7266e287662,2018-02-22,PR,delivered,1,1,63.00,25.28,1,1,5.0,13,false
ord_45590410e97e10675d3fed7b,2018-02-27,PR,delivered,1,1,129.00,18.15,2,1,1.0,24,true
ord_a2261dbbca86ab20d2d6b49a,2018-02-27,PR,delivered,6,1,45.78,90.66,1,6,5.0,8,false
ord_0c30494d63f6bc417612e506,2018-03-01,PR,delivered,1,1,19.90,12.48,1,1,4.0,6,false
ord_60d923464a0640e3dce3fd1d,2018-03-05,PR,delivered,1,1,105.00,26.81,1,1,3.0,28,false
ord_9f430e9b3dcc94895edbe6e0,2018-03-06,PR,delivered,1,1,699.90,20.87,1,6,4.0,13,false
ord_57659a14d01f140a053bc342,2018-03-12,PR,delivered,1,0,34.30,18.23,1,2,5.0,21,false
ord_21850520ad8b7a94101994a4,2018-03-13,PR,delivered,1,1,269.00,28.64,1,1,4.0,23,false
ord_4c5ae79a21f17affef575d7e,2018-03-17,PR,delivered,1,1,24.99,18.23,1,4,4.0,17,false
ord_dda301f18f499b43a86bd5d6,2018-04-01,PR,delivered,1,1,18.75,19.32,1,1,3.0,15,false
ord_357d323317ba26e302996350,2018-04-02,PR,delivered,1,1,123.90,22.58,1,1,1.0,9,false
ord_5d238dbf6bc7cc18a95e8326,2018-04-03,PR,delivered,1,1,9.90,7.71,1,1,5.0,6,false
ord_8a9a721a0bf5d46b831e5509,2018-04-04,PR,delivered,1,1,72.00,23.08,1,4,3.0,19,false
ord_70f039ecd90804bcdad40867,2018-04-09,PR,delivered,4,1,680.00,89.08,1,2,4.0,8,false
ord_d73f61df25264f5427335f4e,2018-04-11,PR,delivered,1,1,170.00,19.07,1,4,5.0,7,false
ord_bac10fd10ce31f37c5a9235e,2018-05-01,PR,delivered,1,1,79.90,19.53,1,3,4.0,14,false
ord_891eb2e720d202b61c30584c,2018-05-04,PR,delivered,1,1,62.00,23.01,1,4,1.0,10,false
ord_c5774f9f476474eabd9ce7e6,2018-05-04,PR,delivered,1,1,339.90,16.99,1,3,,6,false
ord_572027c63808126d37f68b19,2018-05-06,PR,delivered,1,1,51.45,18.24,1,1,3.0,9,false
ord_640bab142ff39659e395106a,2018-05-07,PR,delivered,1,1,13.65,18.23,1,1,5.0,10,false
ord_c5c2056cf2327798b87de59f,2018-05-07,PR,delivered,1,1,399.00,16.87,1,8,5.0,8,false
ord_18d2327887e764e8fea2153f,2018-05-08,PR,delivered,1,1,120.00,27.57,1,3,5.0,10,false
ord_abced14c6a800a00d1a5367b,2018-05-09,PR,delivered,1,1,320.99,22.71,1,3,4.0,6,false
ord_3aa4282da52964706a61f9b2,2018-05-14,PR,delivered,1,1,193.65,19.24,1,1,4.0,22,false
ord_43e9f460d9f518a2d388e9cc,2018-05-16,PR,delivered,1,1,99.90,14.27,2,1,5.0,5,false
ord_ae57239485a95b9fba4777bf,2018-05-23,PR,delivered,1,1,35.00,17.93,2,1,5.0,16,false
ord_fca39cea3f2fd320c26eca60,2018-05-30,PR,delivered,1,1,35.00,19.32,1,4,5.0,15,false
ord_eeb24504b0fcc217b5d6e413,2018-06-09,PR,delivered,1,1,2299.99,33.98,1,1,4.0,11,false
ord_1db8d5eee8cb4bfe30d05900,2018-06-11,PR,delivered,1,1,135.00,16.02,1,2,5.0,3,false
ord_03cba1a369d7bd5feeca4c2e,2018-06-17,PR,delivered,1,1,99.00,44.49,1,1,5.0,9,false
ord_089714f4625b30a26afe1183,2018-07-02,PR,delivered,1,1,18.90,18.23,1,1,4.0,7,false
ord_ed0f1fa2291dfdf1381f82e4,2018-07-05,PR,delivered,4,1,416.00,94.12,1,1,4.0,8,false
ord_01e66dd6e2b1436ade28722d,2018-07-11,PR,delivered,1,1,399.00,172.31,1,8,5.0,12,false
ord_2eb466d9cc9c6cd12eaf8638,2018-07-12,PR,delivered,1,1,119.99,15.94,1,4,4.0,11,false
ord_73f511154b5f3bb02a72d596,2018-07-15,PR,delivered,2,1,102.53,38.00,1,3,5.0,10,false
ord_52357534bb5a78e5275ead02,2018-07-20,PR,delivered,1,1,288.00,20.12,1,8,3.0,10,false
ord_624b15bc8b7381a53a4f4fd2,2018-07-23,PR,delivered,1,1,69.90,13.83,1,2,5.0,7,false
ord_90e55e437fff04d26a7ffcf6,2018-07-23,PR,delivered,1,1,39.90,18.08,1,5,3.0,5,false
ord_7ed28cd7d54c4a8f28ff3b54,2018-07-24,PR,delivered,1,1,99.90,15.00,1,2,3.0,7,false
ord_0cab3393987e4d8751c4def3,2018-07-27,PR,delivered,1,1,125.00,14.22,1,3,5.0,6,false
ord_c1895155a0cf3ce72978b1db,2018-07-27,PR,delivered,1,1,65.90,13.80,1,1,4.0,11,false
ord_a415af6dc7a38c41572d9c6a,2018-08-08,PR,delivered,2,1,136.00,39.34,1,4,5.0,7,false
ord_01058e51917a17f899452b52,2018-08-14,PR,delivered,1,1,55.00,15.49,1,1,5.0,6,false
ord_e50beb7494763e4e5b77f931,2018-08-15,PR,delivered,1,1,20.90,18.25,1,1,4.0,9,false
ord_937b88f28d8f9626d05b375c,2018-08-24,PR,delivered,2,1,49.98,36.56,1,1,5.0,6,false
ord_4c3a9d9e76bcc260908f6233,2017-03-09,RJ,delivered,2,1,89.80,28.22,1,1,5.0,11,false
ord_19cedfb9d1ff30d81d84c826,2017-04-13,RJ,delivered,1,1,34.90,14.52,1,1,1.0,36,true
ord_0d013e4559ca4045da311370,2017-04-24,RJ,delivered,1,1,119.99,17.58,1,1,4.0,24,false
ord_9139f482ee3efe9b80467b99,2017-05-05,RJ,delivered,1,1,19.99,14.52,1,1,3.0,24,false
ord_3200411d443f1a637c87d7a6,2017-05-15,RJ,delivered,1,1,89.15,15.38,1,1,5.0,8,false
ord_685a690f6c38268ca0ca5bd6,2017-05-21,RJ,delivered,1,1,89.90,15.38,1,10,4.0,10,false
ord_05340c4d40e87fe3837b91c3,2017-05-26,RJ,delivered,1,1,13.98,14.10,1,1,3.0,7,false
ord_3af4dea04b5acfa923953e5e,2017-05-29,RJ,delivered,1,1,65.00,16.89,1,4,3.0,9,false
ord_96e8b263a32d8fbc9732fa9b,2017-06-07,RJ,delivered,1,1,149.00,15.79,1,8,5.0,9,false
ord_8f91b02eb7988a7cec0dd780,2017-06-10,RJ,delivered,1,1,419.90,23.43,1,10,4.0,9,false
ord_71532d84232e8e081dcd07dd,2017-06-19,RJ,delivered,2,1,44.00,30.20,1,3,1.0,11,false
ord_8bffb2672706fb9bc2861bd1,2017-06-24,RJ,delivered,1,1,224.90,16.32,1,4,1.0,31,true
ord_e447cb525129d8218a4effbb,2017-06-26,RJ,delivered,1,1,69.99,17.74,1,2,4.0,10,false
ord_cca6b80973b9de014b22a09e,2017-07-06,RJ,delivered,2,1,70.78,28.20,1,4,5.0,8,false
ord_ac4971672af5e187184c3cc5,2017-07-08,RJ,delivered,1,1,79.90,15.31,1,2,5.0,23,false
ord_785c9145eaf8ddaf21c83219,2017-07-27,RJ,delivered,1,1,98.00,16.45,1,2,4.0,7,false
ord_06b79fdc423afc3bea9b2252,2017-08-02,RJ,delivered,1,1,99.90,17.95,1,1,1.0,9,false
ord_e471d65abf511789e6f7b654,2017-08-02,RJ,delivered,1,1,139.90,19.52,1,1,5.0,8,false
ord_abf12155ee69242e970c3616,2017-08-03,RJ,delivered,1,1,38.90,16.11,1,1,5.0,11,false
ord_0e7d5f48a0be69124c8fa155,2017-08-17,RJ,delivered,1,1,900.00,107.36,1,4,5.0,20,false
ord_524fef4debe1408f3c76e258,2017-08-21,RJ,delivered,5,1,143.50,78.94,1,2,5.0,4,false
ord_8ec9e017b3f17afdea091d95,2017-09-28,RJ,delivered,1,1,25.00,14.10,1,1,3.0,6,false
ord_3b3ca34a17b10afbd131a2d3,2017-10-03,RJ,delivered,1,1,129.00,25.74,1,2,4.0,27,false
ord_a61948c5d8bdc8e3e32367cb,2017-10-31,RJ,delivered,2,1,152.79,31.58,1,1,5.0,9,false
ord_09306a370469e1054c2b24ee,2017-11-06,RJ,delivered,1,1,149.99,40.38,1,1,5.0,10,false
ord_7d281e7491447eceb862e757,2017-11-07,RJ,delivered,1,1,99.90,18.27,1,1,5.0,11,false
ord_7d13860c5ab833928da6fb97,2017-11-13,RJ,delivered,1,1,137.90,38.81,1,3,5.0,11,false
ord_e19c8a8bdd210ab23257a391,2017-11-17,RJ,delivered,2,1,106.00,32.26,1,3,5.0,13,false
ord_053c4fad8a2839286f57cd43,2017-11-19,RJ,delivered,1,1,72.00,17.75,1,4,5.0,28,true
ord_cc00792087147b32cdf86c71,2017-11-24,RJ,delivered,1,1,99.99,12.15,1,7,5.0,11,false
ord_1ace46734b3f28aeaaf7abcf,2017-11-26,RJ,delivered,1,1,209.99,18.72,1,22,1.0,30,true
ord_d270924f297fb067679663c3,2017-11-26,RJ,delivered,1,1,74.90,16.28,1,1,1.0,41,true
ord_487eb253f00c1effa05fb042,2017-11-27,RJ,delivered,1,1,16.90,7.94,1,2,5.0,4,false
ord_9f3fabb683cdaa798958e601,2017-11-30,RJ,delivered,1,1,89.99,45.09,1,10,4.0,22,false
ord_ee772954bd329a8a9c9b9e41,2017-11-30,RJ,delivered,1,1,98.90,17.94,1,1,5.0,18,false
ord_138cf8d02164905877ae6959,2017-12-03,RJ,delivered,1,1,129.00,18.15,1,5,5.0,9,false
ord_ad43281336e8c84d4ae721e9,2017-12-03,RJ,delivered,1,1,39.50,15.10,1,1,4.0,23,false
ord_ebc9cdfea35cd2e9c5bc0d05,2017-12-06,RJ,delivered,1,1,118.00,14.58,1,5,5.0,8,false
ord_b76a9077acf27fa03aa61b22,2017-12-11,RJ,delivered,1,1,119.90,24.22,1,2,5.0,10,false
ord_530e69db100649dad4062cda,2017-12-15,RJ,delivered,1,1,120.00,8.26,1,2,4.0,7,false
ord_5de657ed647929c72537e4d7,2017-12-27,RJ,delivered,2,1,245.80,20.00,1,1,4.0,23,false
ord_93f804a2280a24db529818d0,2017-12-28,RJ,delivered,1,1,210.00,40.40,1,8,5.0,37,true
ord_e9dae8c8358ec6784e5a557a,2018-01-01,RJ,delivered,1,1,24.90,15.10,1,1,5.0,8,false
ord_15785f9694d6ac0e71e9b256,2018-01-04,RJ,delivered,1,1,140.90,17.24,1,2,3.0,26,false
ord_004fc9b5254e21e1ac167365,2018-01-19,RJ,delivered,1,1,99.99,49.23,1,1,5.0,18,false
ord_b5314e9639007870008816cb,2018-01-22,RJ,delivered,1,1,54.90,20.87,2,1,5.0,12,false
ord_400e59fc5ed2b9b4527810b6,2018-01-23,RJ,delivered,1,1,249.90,69.21,1,9,5.0,11,false
ord_a2a716962655589ddb460d11,2018-01-24,RJ,delivered,2,1,59.80,28.20,2,8,5.0,14,false
ord_9accd92e3d851b9be2f2a6fc,2018-01-25,RJ,delivered,2,1,39.94,30.20,1,5,4.0,5,false
ord_4a34b1f72d230f47bf14c0ec,2018-02-04,RJ,delivered,2,1,107.79,36.22,2,3,5.0,16,false
ord_955aa0d6b9e4075b010626b5,2018-02-08,RJ,delivered,1,1,15.00,14.10,1,1,5.0,19,false
ord_f6eab144b03c42267fdbc9a4,2018-02-15,RJ,delivered,3,2,266.67,146.45,1,3,5.0,18,false
ord_2d824a5ecfb989c497023123,2018-02-21,RJ,delivered,2,1,170.00,34.06,1,2,1.0,35,true
ord_2f7804c74169b04f2b4fdbb5,2018-02-23,RJ,delivered,1,1,549.00,18.00,1,1,5.0,17,false
ord_c3acdfcadf598514b3126d91,2018-02-25,RJ,delivered,1,1,154.00,20.57,1,1,5.0,13,false
ord_b34b9cc7ac3d8110b7c317cc,2018-02-26,RJ,delivered,1,1,34.90,15.11,1,1,1.0,71,true
ord_1e73fb8d0766f8fc29cda2c8,2018-02-28,RJ,delivered,1,1,140.90,21.48,1,2,1.0,35,true
ord_36980b4e6858c7400a1eac06,2018-03-06,RJ,delivered,1,1,129.00,26.98,1,1,5.0,11,false
ord_40aa186eaa7ddc2dd1f49788,2018-03-08,RJ,delivered,1,1,144.99,18.59,1,1,1.0,50,true
ord_79150daeb5a7eb12cb624bbf,2018-03-08,RJ,delivered,1,1,79.90,21.64,1,1,1.0,40,true
ord_87030cd91d29d3b5c97693dc,2018-03-10,RJ,delivered,1,1,54.40,16.35,1,1,1.0,41,true
ord_c4f36e1bd7badacff6904235,2018-03-10,RJ,delivered,1,1,116.99,15.70,1,8,5.0,36,false
ord_8b5714dd77466f4f3f4807d3,2018-03-12,RJ,delivered,1,1,27.99,22.95,1,5,5.0,14,false
ord_06ea6799d3bf6ac85efb9803,2018-03-24,RJ,delivered,1,1,85.90,11.47,1,3,1.0,55,true
ord_3b884ef8919832f4305ec99d,2018-03-26,RJ,delivered,1,1,149.00,22.12,1,2,3.0,16,false
ord_a8f40c0a3334d50636dd97a7,2018-04-04,RJ,delivered,1,1,19.49,18.23,1,3,1.0,40,true
ord_81022e68c78ecc75882bef83,2018-04-06,RJ,delivered,1,1,96.90,23.26,2,1,5.0,12,false
ord_b3e89d929566c25603590895,2018-04-16,RJ,delivered,1,1,189.96,18.04,1,1,2.0,16,false
ord_fe090714eb63047507ef78a1,2018-04-19,RJ,delivered,1,1,119.00,17.60,1,2,4.0,14,false
ord_9f387f588327b908946031fa,2018-04-21,RJ,delivered,1,1,23.99,11.39,1,2,4.0,5,false
ord_0be6e6a70a3bfe38f4a51887,2018-04-24,RJ,delivered,1,1,199.99,19.28,1,1,5.0,16,false
ord_bd1953aef354765dd5d6e8ce,2018-04-29,RJ,delivered,1,1,449.90,194.64,1,10,5.0,5,false
ord_e42ecaa7045ab04f61993c3e,2018-04-29,RJ,delivered,1,1,307.50,18.12,1,6,5.0,8,false
ord_11a6f2bf307b2c9924af6972,2018-05-03,RJ,delivered,1,1,99.90,0.00,1,1,5.0,13,false
ord_e37b87d45f536af9cfba2032,2018-05-04,RJ,delivered,1,1,118.00,18.71,1,2,5.0,14,false
ord_fe0ac26cca51d3f239195efa,2018-05-07,RJ,delivered,1,1,138.00,18.85,1,5,1.0,14,false
ord_21c8e889fbb58bd6675e8cee,2018-05-09,RJ,delivered,1,1,189.90,19.21,1,1,5.0,9,false
ord_03bed65fca42595187ef6701,2018-05-11,RJ,delivered,1,1,89.99,11.79,1,3,5.0,12,false
ord_bd02de63cd29279436cffb75,2018-05-15,RJ,delivered,2,1,56.00,36.46,1,8,5.0,7,false
ord_841441437ec8bee517e9c30d,2018-05-21,RJ,delivered,1,1,79.90,15.44,1,1,3.0,17,false
ord_084d22c229b70dc40a8d650e,2018-05-22,RJ,delivered,1,1,39.99,15.23,1,1,5.0,7,false
ord_4f3ebc901e58a965007a32ed,2018-05-30,RJ,delivered,1,1,130.00,7.93,1,1,3.0,12,false
ord_be6d6e0460c88c6b27dfdcbf,2018-06-01,RJ,delivered,1,1,250.00,87.42,1,6,3.0,24,false
ord_596f4aa6cd4f14b6fb097157,2018-06-06,RJ,delivered,1,1,122.99,29.89,1,6,5.0,14,false
ord_8f5253eab5df5b56b7178a22,2018-06-23,RJ,delivered,1,1,104.90,18.83,1,1,5.0,13,false
ord_d654a6c37d5f4f50a040bd49,2018-06-29,RJ,delivered,1,1,419.90,29.89,1,5,3.0,7,false
ord_68b0fb9893fc0aaabd5a1fb6,2018-07-05,RJ,delivered,1,1,116.25,18.91,1,1,5.0,5,false
ord_efd4603fd390bb07de3ee1fd,2018-07-07,RJ,delivered,1,1,48.60,22.27,1,1,5.0,9,false
ord_e51ae997be4a191ae65fa67c,2018-07-21,RJ,delivered,1,1,127.00,12.15,1,6,5.0,4,false
ord_687b0a2c3171c0607a97e297,2018-07-23,RJ,delivered,2,2,67.15,31.76,1,1,5.0,7,false
ord_56dd1b0a7cfb2b30c05405a7,2018-07-24,RJ,delivered,2,1,253.60,54.38,1,6,1.0,7,false
ord_ff1b97d241febf9d05db0820,2018-07-24,RJ,delivered,1,1,43.00,18.40,1,1,4.0,41,true
ord_7d740f76dba85ffa4881d1f4,2018-08-02,RJ,delivered,1,1,74.99,17.16,1,5,5.0,5,false
ord_1ebd72619466c274d4860e61,2018-08-06,RJ,delivered,1,1,69.90,41.47,1,1,5.0,7,false
ord_99d0dd89a23ff8493fabfbd8,2018-08-12,RJ,delivered,1,1,99.99,16.89,1,1,5.0,8,false
ord_810d9e0e331ea655b39b5c23,2018-08-13,RJ,delivered,1,1,180.00,8.68,1,1,5.0,3,true
ord_422a453a8011f898a6206361,2018-08-17,RJ,delivered,1,1,45.00,22.25,1,1,4.0,6,false
ord_e8cbc42741a04de914fefac3,2018-08-21,RJ,delivered,1,1,79.99,16.75,1,1,4.0,8,false
ord_c9d12e71c3f537fd41fb8369,2018-08-22,RJ,delivered,1,1,34.00,11.50,1,1,5.0,6,false
ord_8afa183e24c52edf532debf6,2018-08-24,RJ,delivered,1,1,24.00,7.59,1,3,5.0,5,false
ord_38e68250be94cee57aa4e465,2017-01-27,RS,delivered,1,1,66.99,18.00,1,1,5.0,26,false
ord_775e82a080d5aff65544db9b,2017-02-07,RS,delivered,1,1,79.90,17.30,1,1,3.0,7,false
ord_a8353d3c2e6ef8e1886bd583,2017-02-11,RS,delivered,2,1,194.80,39.53,1,6,5.0,10,false
ord_79ff956d979f27909f2a4c0d,2017-02-20,RS,delivered,1,1,24.87,14.11,1,1,5.0,3,false
ord_27851515c05772b0e10e5bd3,2017-03-04,RS,delivered,1,1,13.90,16.05,1,1,5.0,18,false
ord_1a3cca2c4a40ffd9329b73f0,2017-03-20,RS,delivered,1,1,39.80,20.67,1,1,5.0,18,false
ord_842773c7e96dd2bd76c505f1,2017-04-16,RS,delivered,1,1,32.99,15.65,1,1,5.0,11,false
ord_f3739b08c895f3c1a91d7f12,2017-04-21,RS,delivered,1,1,24.99,16.05,1,1,4.0,17,false
ord_76cf96aae494c268c9bed201,2017-05-15,RS,delivered,2,2,119.89,30.84,1,6,3.0,2,false
ord_ec6d8be97b71478cfea4bd9b,2017-05-20,RS,delivered,1,1,479.90,12.57,1,1,5.0,3,false
ord_887a45873f9683296739402d,2017-06-02,RS,delivered,2,0,79.80,33.58,1,2,5.0,10,false
ord_62d8c1484b86f0cb486af4dd,2017-06-04,RS,delivered,1,1,111.90,16.54,1,6,5.0,10,false
ord_94b95f71f97f71abb19acbaf,2017-06-06,RS,delivered,1,1,219.99,16.29,1,8,5.0,13,false
ord_17459792079f28eb25b0a531,2017-06-07,RS,delivered,1,1,269.00,17.64,1,1,5.0,15,false
ord_ffa0027d24792863a2f37542,2017-06-12,RS,delivered,1,1,42.99,15.10,1,1,5.0,11,false
ord_661d9dd7a774a667fb16a786,2017-06-17,RS,delivered,1,1,18.99,14.10,1,1,5.0,20,false
ord_744e7f1f3ad2c6678f0517a6,2017-06-18,RS,delivered,1,1,149.00,14.79,1,8,1.0,11,false
ord_110b8b6c63ba61fae2b52e1b,2017-06-26,RS,delivered,2,1,348.90,32.63,1,3,2.0,5,false
ord_639935205dc97eb092ec10c5,2017-06-27,RS,delivered,1,1,102.90,29.12,1,6,5.0,20,false
ord_03fa3be2c8be3361978f23eb,2017-07-13,RS,delivered,1,1,294.90,16.81,1,10,5.0,8,false
ord_8ab575d8ef986c05269feb12,2017-07-23,RS,delivered,1,1,98.00,9.25,1,3,5.0,3,false
ord_fae3c3e4cb1f59bad46978bd,2017-07-25,RS,delivered,1,0,39.90,15.10,1,1,5.0,13,false
ord_96b5db22abc204f31a2f0f0d,2017-07-30,RS,delivered,1,1,109.90,14.50,1,6,5.0,4,false
ord_ea4db57ac83bc436aea08678,2017-08-07,RS,delivered,1,1,56.29,17.64,2,1,3.0,10,false
ord_817f663911b8946d23ccc7dc,2017-09-01,RS,delivered,1,1,45.90,26.89,1,3,5.0,21,false
ord_bb75462aa5fd050de32d166f,2017-09-03,RS,delivered,1,1,59.99,17.67,1,5,5.0,8,false
ord_07b250f36414874d00d03fa7,2017-09-05,RS,delivered,2,1,118.00,32.34,1,3,4.0,13,false
ord_3b9ef9955f28ca558a95ebc9,2017-09-13,RS,delivered,1,1,69.90,20.89,1,1,3.0,13,false
ord_16c2075cb89afbf47d61b01d,2017-09-21,RS,delivered,1,1,59.00,14.14,1,3,5.0,6,false
ord_ac4539530d77eaa263793814,2017-09-22,RS,delivered,1,1,48.90,16.11,1,1,4.0,13,false
ord_fee206db687028376c46e292,2017-10-03,RS,delivered,1,1,18.90,15.10,1,1,1.0,6,false
ord_d6f3feffb7b8371286194637,2017-10-05,RS,delivered,10,1,1519.46,347.24,1,1,1.0,11,false
ord_11a11721c733b11cb6903560,2017-10-08,RS,delivered,1,1,59.90,16.67,1,1,4.0,11,false
ord_1b970bb8dbdc8b67b670cb71,2017-10-09,RS,delivered,2,1,113.98,28.30,1,3,3.0,14,false
ord_d870166a24c3411ec7cc573e,2017-10-17,RS,delivered,1,1,19.90,15.10,1,1,5.0,21,false
ord_6222db2fc3eb63f96afd93f6,2017-10-25,RS,delivered,1,1,58.99,17.66,1,3,5.0,12,false
ord_579d72ba7ce4525b117d7957,2017-11-05,RS,delivered,1,1,44.90,16.11,1,3,4.0,18,false
ord_0bdb6aaf7ad34c9d154c1fcf,2017-11-07,RS,delivered,1,1,12.88,15.10,1,1,1.0,14,false
ord_9d35b8d8a6082f0f3331fb97,2017-11-16,RS,delivered,1,1,59.90,17.67,1,1,4.0,21,false
ord_3c3e4f9657603074e3c8ab4d,2017-11-18,RS,delivered,1,1,249.50,17.51,1,10,5.0,33,true
ord_bc1cbae30a2c7705a519ef47,2017-11-20,RS,delivered,1,1,189.90,17.09,1,1,5.0,12,false
ord_7a7de4e20c5b9e35460a240e,2017-11-24,RS,delivered,1,1,59.90,16.18,1,6,3.0,18,false
ord_a82f4d9444288c9209748204,2017-11-24,RS,delivered,1,1,38.90,15.10,1,4,4.0,20,false
ord_12cb059c2f92049ba95b696f,2017-11-26,RS,delivered,1,1,49.90,17.60,1,1,4.0,26,false
ord_bcf5d88d6b5f2bf8122e44c4,2017-12-18,RS,delivered,1,1,99.99,17.95,1,2,5.0,9,false
ord_120d5f4e120d97ee7f8387ca,2017-12-20,RS,delivered,1,1,319.65,18.68,1,2,5.0,19,false
ord_5ea7edd44a691e7f96f230ae,2018-01-02,RS,delivered,1,1,64.90,37.59,1,1,3.0,27,false
ord_575fbf3a4dc3707c979314bf,2018-01-07,RS,delivered,1,1,30.90,16.11,1,1,5.0,29,false
ord_53e737294cd719c63476670e,2018-01-09,RS,delivered,1,1,21.90,14.10,1,1,5.0,9,false
ord_c7ba75e49cd63ab414f61eee,2018-01-10,RS,delivered,1,1,109.90,17.02,1,10,5.0,10,false
ord_0ffe8068817312f95ff68e9c,2018-01-17,RS,delivered,1,1,99.90,15.46,1,5,5.0,12,false
ord_715899537aa4dce2df16d786,2018-01-17,RS,delivered,1,1,42.90,14.10,1,5,4.0,20,false
ord_5297a5ee041ca47849d70682,2018-01-21,RS,delivered,1,1,149.90,26.33,1,1,5.0,16,false
ord_82f3f30b9b7a7d8a72f864da,2018-01-22,RS,delivered,1,1,42.90,16.11,2,4,5.0,10,false
ord_480f1f91cdee352832ed66d1,2018-01-28,RS,delivered,1,1,69.90,16.25,1,3,5.0,11,false
ord_84568288c023657e06d6af05,2018-01-29,RS,delivered,1,1,99.90,21.19,1,1,5.0,24,false
ord_55fe95d5ec4597846d554a8f,2018-01-30,RS,delivered,1,1,44.90,15.11,1,2,4.0,23,false
ord_c381f43feece4758053287cc,2018-02-04,RS,delivered,1,0,185.00,15.02,1,6,5.0,10,false
ord_72a48a681a5494d186b4a083,2018-02-08,RS,delivered,1,1,47.49,16.11,1,1,5.0,28,false
ord_7a4e3d349614fc21e5772081,2018-02-12,RS,delivered,1,1,227.80,16.34,1,8,1.0,35,true
ord_0b487f89604ac66c2414ccaa,2018-02-14,RS,delivered,1,1,27.30,15.10,1,1,1.0,33,true
ord_92778b92a97efc91773242f5,2018-02-20,RS,delivered,1,1,18.90,15.10,1,1,5.0,16,false
ord_02c12f8cd02ae2130fe76bfc,2018-02-27,RS,delivered,1,1,49.90,15.10,1,2,5.0,13,false
ord_ba1c008386897dc3974b15cd,2018-03-05,RS,delivered,1,1,119.90,65.65,1,3,1.0,36,true
ord_e348c64f0268225ae64322eb,2018-03-20,RS,delivered,1,1,54.90,15.26,1,4,5.0,9,false
ord_a1cd4ff5a29201df83e0bb39,2018-03-21,RS,delivered,1,1,1054.00,106.77,1,2,5.0,19,false
ord_843667683eb13a07c97294ba,2018-03-25,RS,delivered,1,1,1399.00,32.33,1,10,1.0,31,true
ord_e0cb5db02aadd91104f57f36,2018-04-02,RS,delivered,1,1,32.90,7.87,1,4,5.0,5,false
ord_d76f2104f8fc71d263e5e164,2018-04-05,RS,delivered,1,1,58.99,21.38,1,1,5.0,15,false
ord_11c46b7e58eeddcfe0aa2a70,2018-04-08,RS,delivered,1,1,69.90,20.06,1,2,4.0,17,false
ord_10c46d755a14a79fcd2a5041,2018-04-15,RS,delivered,1,1,550.00,21.73,1,8,5.0,30,false
ord_b60e04e86fbe1f940786c726,2018-04-17,RS,delivered,1,1,19.90,18.23,1,1,5.0,8,false
ord_1c0a3b7a4c407a9b5bdbcd2a,2018-04-27,RS,delivered,2,1,190.00,37.10,1,1,4.0,17,false
ord_b090e70b6163fc10a42c39de,2018-04-28,RS,delivered,1,1,49.99,18.23,1,1,5.0,16,false
ord_e42ffbf100de84d7b2bdb57e,2018-05-01,RS,delivered,1,1,299.00,19.97,1,3,4.0,7,false
ord_77826ffcb41d4fc48c167f8f,2018-05-03,RS,delivered,1,1,59.90,19.39,1,1,5.0,18,false
ord_6ecf46f647750011d8b42af8,2018-05-06,RS,delivered,2,1,235.12,36.80,1,1,5.0,8,false
ord_86669484566acf4aa41bbdab,2018-05-07,RS,delivered,1,1,99.00,38.47,1,1,5.0,14,false
ord_566dc7d8f3ff016c75a9d524,2018-05-10,RS,delivered,2,1,245.80,37.48,1,8,5.0,14,false
ord_abae6ac4da33cab9d1df1768,2018-05-15,RS,delivered,1,1,84.00,26.67,1,6,3.0,22,false
ord_e47e724e00d97cd2a879ca1d,2018-05-16,RS,delivered,1,1,118.00,18.41,1,1,5.0,20,false
ord_b40027b7734527ce3e0dc397,2018-05-20,RS,delivered,1,1,199.97,16.01,1,8,5.0,8,false
ord_7fc6e1e5b9220f331a694185,2018-05-29,RS,delivered,1,1,25.00,18.23,2,1,3.0,7,false
ord_39ccd4e09b233a1d08485954,2018-05-30,RS,delivered,1,1,109.00,14.84,1,5,5.0,6,false
ord_bb57e70440f8f848ff3f88d7,2018-06-02,RS,delivered,2,1,89.98,38.64,1,4,4.0,16,false
ord_f81b510debe1cc7da59c7cb7,2018-06-03,RS,delivered,1,1,102.00,19.68,1,10,5.0,17,false
ord_4fd5d82985dcdd14ec84e2e3,2018-06-11,RS,delivered,1,1,184.10,24.09,1,12,5.0,10,false
ord_5813ceb20196432078cbccf5,2018-07-04,RS,delivered,1,1,19.99,18.24,1,1,4.0,8,false
ord_a4cb2e96cce88eda4ded198b,2018-07-04,RS,delivered,1,1,86.25,34.36,1,6,4.0,8,false
ord_4f5b4ce1e0d64ef2e3aa4b70,2018-07-08,RS,delivered,2,1,119.98,39.22,1,4,4.0,15,false
ord_13fa8241b5ed5c762fd2db62,2018-07-15,RS,delivered,1,1,49.99,15.45,1,1,5.0,9,false
ord_f2ebcdfc31fd4eaa25b58821,2018-07-23,RS,delivered,1,1,29.29,18.31,1,1,5.0,8,false
ord_8175547c05ca46a41742842c,2018-07-28,RS,delivered,1,1,74.90,18.62,1,1,5.0,11,false
ord_41a5e8ea869861ca17bce693,2018-07-30,RS,delivered,1,1,74.99,15.63,1,1,5.0,4,false
ord_abc224824e89d6cd664756c4,2018-08-06,RS,delivered,1,1,27.99,18.30,1,1,5.0,8,false
ord_b6b7e36004d7661189e8398b,2018-08-06,RS,delivered,1,1,230.00,49.98,1,1,5.0,16,false
ord_c35662bd986de33e5144be3a,2018-08-14,RS,delivered,1,1,37.90,26.57,1,4,4.0,16,false
ord_5ed397f0c5ff4c8895564ec1,2018-08-22,RS,delivered,1,1,48.90,19.53,1,1,5.0,8,false
ord_b92fa114ac13907c73147aab,2018-08-22,RS,delivered,1,1,26.40,18.29,1,1,5.0,7,false
ord_f912dc520b2b867ed45ec0ee,2018-08-24,RS,delivered,1,1,191.00,19.14,1,1,5.0,6,false
ord_ae1047873c92f0bfcbf13415,2017-02-03,SC,delivered,2,1,159.80,35.98,1,2,3.0,17,false
ord_54eb44165ae9989a77c62495,2017-03-01,SC,delivered,1,1,289.90,17.73,1,1,5.0,16,false
ord_6f5be582962282e676e524c5,2017-05-13,SC,delivered,1,1,129.90,13.16,1,2,5.0,5,false
ord_02bc9e654126c525e59849d6,2017-05-15,SC,delivered,1,1,37.50,16.11,1,1,4.0,16,false
ord_b71c82bce05a60f018100ca0,2017-05-22,SC,delivered,1,1,75.00,21.02,1,1,4.0,7,false
ord_fc02c727045fad55cdf60b76,2017-05-27,SC,delivered,1,1,37.00,14.10,1,3,5.0,23,false
ord_492bad24f160148610f4c9a4,2017-06-04,SC,delivered,1,1,171.90,18.45,1,1,5.0,22,false
ord_77d3d0645604f7aa644e2f4d,2017-06-24,SC,delivered,1,1,59.90,13.57,1,1,5.0,5,false
ord_7765c149c0250c6efaa4dbe2,2017-06-27,SC,delivered,1,1,18.90,15.10,1,1,3.0,17,false
ord_8da7c82e39fa99d957d001b0,2017-07-01,SC,delivered,1,1,45.95,15.10,1,6,5.0,17,false
ord_763012f54e75c16bf1e8c424,2017-07-22,SC,delivered,1,1,31.90,15.79,1,2,4.0,26,false
ord_336a1e88bbdcd9d114dafd33,2017-07-29,SC,delivered,1,1,19.90,15.10,1,1,2.0,13,false
ord_53bfec30c09223fe628f1420,2017-07-30,SC,delivered,1,1,104.90,14.60,1,4,5.0,3,false
ord_9a0337c4313227ba204f0f6e,2017-07-30,SC,delivered,1,1,329.90,27.18,1,3,4.0,5,false
ord_c91680d763b17de6b7b3c548,2017-08-05,SC,delivered,1,1,59.90,17.67,2,1,4.0,18,false
ord_4fe6dded8eec705b4779b571,2017-08-09,SC,delivered,1,1,379.90,19.91,1,4,5.0,19,false
ord_3c1849374c1e5b50ec55fbd8,2017-08-10,SC,delivered,1,1,259.00,11.23,1,2,5.0,4,false
ord_dbf3a06e3fd54f1c68aa4498,2017-08-20,SC,delivered,1,1,19.90,15.10,1,3,5.0,6,false
ord_382b40919b247e7175559fcd,2017-08-25,SC,delivered,1,1,49.90,15.10,1,1,3.0,12,false
ord_1f089d6ea8736c1da98b54ad,2017-08-26,SC,delivered,1,1,30.90,12.60,1,1,5.0,5,false
ord_17b124ecd123106cf31d14f3,2017-08-29,SC,delivered,1,1,31.90,16.79,1,1,5.0,23,true
ord_6ed97bf9eea461d36a0a4964,2017-08-31,SC,delivered,1,1,229.00,34.66,1,2,4.0,15,false
ord_59328f4f6304af2947af7096,2017-09-01,SC,delivered,1,1,99.00,17.94,1,8,5.0,12,false
ord_d161bf61ced8ec75af0d892c,2017-09-12,SC,delivered,1,1,199.00,18.64,1,1,4.0,17,false
ord_1649b9391494031d6a6130a4,2017-09-17,SC,delivered,1,1,1349.99,51.86,1,5,4.0,16,false
ord_76204e8b2640e96051802600,2017-09-17,SC,delivered,1,1,209.99,18.72,1,10,5.0,16,false
ord_aa54cef7f982f64567971658,2017-10-02,SC,delivered,1,1,149.90,18.30,1,3,5.0,9,false
ord_e1fc24b58e250ef5c23b9a9e,2017-10-08,SC,delivered,1,1,44.90,15.10,1,1,5.0,12,false
ord_b6b4d6e59d12fbfc3c28c10c,2017-10-09,SC,delivered,1,1,59.90,17.67,1,2,4.0,10,false
ord_c2f1e78203d26a70c9b07122,2017-10-09,SC,delivered,1,1,525.98,67.26,1,1,1.0,18,false
ord_3bad57414fea1ffbd94caeef,2017-10-13,SC,delivered,2,1,768.00,100.54,1,1,3.0,12,false
ord_3a5d7b80fe43929f8829cd17,2017-10-23,SC,delivered,1,1,102.00,16.47,1,2,5.0,11,false
ord_a21a6e5453821ac045a7cc41,2017-10-25,SC,delivered,1,1,33.00,17.63,1,1,5.0,19,false
ord_ac7b654b3360d6ac3ec3f7dd,2017-11-02,SC,delivered,1,1,49.09,16.11,1,1,4.0,14,false
ord_aa9cd866e7712afbd39824a6,2017-11-06,SC,delivered,1,1,59.99,15.17,1,3,5.0,14,false
ord_97391d57cab61e4ccf2b2574,2017-11-17,SC,delivered,1,1,31.90,16.79,1,1,5.0,6,false
ord_6a93ab2a0f743596a1a4e4f1,2017-11-24,SC,delivered,1,1,30.90,16.79,1,1,3.0,12,false
ord_7624c2e185092d0339495943,2017-11-24,SC,delivered,1,1,23.40,15.10,1,2,1.0,26,false
ord_d8b7469043e9edc910e90903,2017-11-24,SC,delivered,1,1,549.00,61.63,1,4,1.0,32,true
ord_df3728c1742368f72a58131e,2017-11-26,SC,delivered,1,0,122.99,14.61,1,8,2.0,22,false
ord_131fd92a27b3ab58c008230f,2017-12-02,SC,delivered,1,1,120.90,45.31,1,3,5.0,9,false
ord_68d38486c99a42b29500f909,2017-12-04,SC,delivered,1,1,140.00,15.73,1,1,5.0,30,false
ord_89b43c84412bb262d0d6c1be,2017-12-06,SC,delivered,2,1,198.00,91.98,1,1,5.0,22,false
ord_88b93a813bdc3244be724638,2017-12-13,SC,delivered,1,1,69.90,25.33,1,1,1.0,15,false
ord_f1b208299c4c3936962513cb,2017-12-13,SC,delivered,1,1,107.90,15.51,1,5,4.0,9,false
ord_7d6e4f811d0007bf38d54a7e,2017-12-18,SC,delivered,1,1,69.90,16.25,1,2,5.0,23,false
ord_8cd33170fb7f2844bf9b62a4,2017-12-21,SC,delivered,1,1,27.70,15.10,1,1,5.0,16,false
ord_eb9f4a387eb1332c477d917e,2018-01-04,SC,delivered,1,1,899.90,23.55,1,10,4.0,18,false
ord_1370462cd245fdf2d8efa97c,2018-01-05,SC,delivered,1,1,110.00,18.02,1,10,3.0,14,false
ord_78834fa572cf8ed89168a366,2018-01-14,SC,delivered,2,2,491.00,57.28,1,10,3.0,18,false
ord_543a4781b5a657005d1b4615,2018-01-17,SC,delivered,1,1,29.99,15.10,1,3,1.0,43,true
ord_afeec3c23bcffccfeb00d304,2018-01-30,SC,delivered,1,1,19.90,15.10,1,1,5.0,16,false
ord_ff6011d340c3e1c59f7fae52,2018-02-02,SC,delivered,1,1,89.90,26.95,1,10,5.0,19,false
ord_9589d58845b73b59c4e01293,2018-02-10,SC,delivered,1,1,129.89,16.67,1,8,1.0,45,true
ord_50f908c69014d38a863167cc,2018-02-11,SC,delivered,1,1,21.49,12.60,1,1,4.0,8,false
ord_0c4d5368c7f348f1d4e7f147,2018-02-15,SC,delivered,1,1,189.90,18.58,1,3,4.0,14,false
ord_3888ed2ca26137019b3390f4,2018-02-15,SC,delivered,2,1,37.80,30.20,1,1,1.0,28,true
ord_1d8082c4a9cc6a39c5c2684e,2018-02-17,SC,delivered,1,1,15.00,15.10,1,1,5.0,20,false
ord_0884307fd542ed94064670df,2018-02-18,SC,delivered,2,1,319.98,43.22,1,8,5.0,36,true
ord_61c2f3c9b3f7fe1a2b838029,2018-02-21,SC,delivered,1,1,129.99,18.16,1,8,1.0,34,true
ord_5081c87b465a924faec2d817,2018-02-24,SC,delivered,1,1,79.90,21.05,1,1,5.0,17,false
ord_ad9435fde632f22e4dad4446,2018-02-28,SC,delivered,1,1,79.90,16.81,1,3,1.0,27,true
ord_ae4a7119bcab98d8907d8fd7,2018-03-05,SC,delivered,1,1,82.94,20.07,1,1,3.0,37,true
ord_868bd3a82055d129384f4c03,2018-03-16,SC,delivered,6,1,450.00,159.66,1,2,4.0,11,false
ord_46cdecbe3f5cd1132ecfdd7e,2018-03-18,SC,delivered,1,1,89.00,19.59,1,2,5.0,11,false
ord_600cb0be50f840be70312ebf,2018-03-18,SC,delivered,1,1,15.99,22.93,1,3,5.0,9,false
ord_3b778253a45ca902c170a8ba,2018-03-24,SC,delivered,1,1,1299.00,23.97,1,8,3.0,20,false
ord_878b572d942f7381ab42c4f1,2018-04-04,SC,delivered,1,1,39.99,16.95,1,4,5.0,26,false
ord_99617f9116eb8ae57ddf8e46,2018-04-04,SC,delivered,1,0,122.99,18.74,1,1,4.0,28,true
ord_9b62cfbd14fd64a1e301d6ba,2018-04-06,SC,delivered,1,1,159.00,22.82,1,3,2.0,17,false
ord_f557476147674747672d3a77,2018-04-16,SC,delivered,1,1,74.90,19.49,1,4,5.0,18,false
ord_a3de66c0981e80f1ef07bdc8,2018-04-18,SC,delivered,1,1,47.90,19.32,1,6,4.0,19,false
ord_2efd7ab8969255907d099ebf,2018-04-21,SC,delivered,1,1,47.90,9.44,1,1,5.0,9,false
ord_8446c24a57cb046da0a5f98e,2018-04-23,SC,delivered,1,1,12.00,13.61,1,1,5.0,11,false
ord_ab20352297d080ab6ac5e1dc,2018-04-24,SC,delivered,1,1,29.99,23.72,1,1,4.0,13,false
ord_4965572f03b642a5d4d89fb7,2018-05-06,SC,delivered,1,1,42.00,12.76,1,1,4.0,15,false
ord_1c88a7af0104f5bb55d72de3,2018-05-08,SC,delivered,1,1,69.90,11.86,1,3,5.0,6,false
ord_97ab4636d133a0503f879418,2018-05-13,SC,delivered,1,1,50.00,15.23,1,4,3.0,4,false
ord_c06fc004bb122f1a1582a37e,2018-05-23,SC,delivered,2,1,250.00,39.68,1,1,4.0,14,false
ord_568c997f76c003d88a4b267a,2018-06-09,SC,delivered,2,1,90.00,18.88,1,5,5.0,4,false
ord_5c271395ff34608563e04450,2018-06-12,SC,delivered,1,1,74.90,15.62,1,1,4.0,9,false
ord_b77e5882d5da32e0a916be79,2018-06-14,SC,delivered,1,1,24.99,18.28,1,1,4.0,8,false
ord_934c7ec3ba6ca437c957bb18,2018-06-15,SC,delivered,1,1,599.99,45.18,1,8,5.0,11,false
ord_166f79f2e33e7c7446d89181,2018-06-17,SC,delivered,1,1,24.99,18.28,1,4,5.0,8,false
ord_6ed27107c4ab59035b903140,2018-06-18,SC,delivered,1,1,12.90,18.23,1,1,1.0,14,false
ord_abad49ce9aca3c3c1f30c42e,2018-06-19,SC,delivered,1,1,89.00,23.42,1,2,5.0,8,false
ord_14bad890bc357272bf6df326,2018-06-25,SC,delivered,1,1,409.00,59.63,1,5,4.0,9,false
ord_b7212b15fc73b1daaa6eeda5,2018-07-01,SC,delivered,1,1,40.49,18.38,1,1,5.0,4,false
ord_4826c8611d16cb1b62ba0f95,2018-07-13,SC,delivered,1,1,120.00,74.79,1,3,5.0,12,false
ord_89f9c6ae71e11a3a23611b93,2018-07-16,SC,delivered,1,1,169.90,53.54,1,4,5.0,11,false
ord_d76a068c3d600d0472378149,2018-07-16,SC,delivered,1,1,100.00,18.80,1,1,5.0,11,false
ord_f60ddab2c64608bb66ecc2f1,2018-07-19,SC,delivered,1,1,69.90,18.54,1,1,5.0,7,false
ord_3f718ca81f00be421f7a8e97,2018-07-22,SC,delivered,1,1,89.90,26.93,1,2,5.0,5,false
ord_f9442de29ffb4173a9d8be0a,2018-07-29,SC,delivered,1,1,180.00,24.06,1,5,5.0,9,false
ord_93c1dec2ba74cf46f0c8dac8,2018-08-06,SC,delivered,1,1,848.90,24.04,1,8,3.0,8,false
ord_a31793cb26775751af56235b,2018-08-07,SC,delivered,1,1,178.50,19.35,2,6,5.0,7,false
ord_2167365bdc315cfd7dd834b0,2018-08-14,SC,delivered,1,1,99.99,50.99,1,1,5.0,9,false
ord_4d403a85bf91e2aa8ff8a87a,2018-08-17,SC,delivered,1,1,19.00,18.23,1,3,5.0,11,false
ord_0d96949175ef3db7ff5bd84e,2018-08-19,SC,delivered,1,1,58.26,15.51,1,1,5.0,8,false
ord_3e4dc664a9211ac7004c3571,2018-08-22,SC,delivered,1,1,46.90,18.43,1,2,5.0,6,false
ord_0288d92c5ccf66698570ece6,2017-03-08,SP,delivered,1,1,265.00,12.46,1,5,4.0,6,false
ord_b48bafbc8af9c37b439fecd6,2017-03-20,SP,delivered,1,1,129.90,17.75,1,2,4.0,8,false
ord_dd9711617cb97c9aac928795,2017-03-28,SP,delivered,1,1,12.50,14.52,1,1,4.0,8,false
ord_6c37dd66abd6a5f84b24e7ff,2017-04-07,SP,delivered,2,1,220.00,22.76,1,1,5.0,5,false
ord_e58a5647c175f89723d27fcd,2017-04-19,SP,delivered,1,1,89.90,11.24,1,1,4.0,14,false
ord_591ed9c73a75948e5cb12d2d,2017-04-20,SP,delivered,1,1,689.00,20.03,1,10,4.0,12,false
ord_047896d05f30b178876eab71,2017-05-05,SP,delivered,1,1,34.99,10.96,1,4,5.0,6,false
ord_0ab95cb9dbf30b30a0a64979,2017-05-10,SP,delivered,1,1,119.00,9.65,1,2,5.0,5,false
ord_7a13ad8d5d15be2f10200b71,2017-05-10,SP,delivered,1,1,37.90,15.10,1,1,5.0,14,false
ord_658d6ecafa9d1acb64819305,2017-05-13,SP,delivered,1,1,39.99,11.85,1,2,4.0,10,false
ord_91cff8979e08c6ee6df8a126,2017-05-22,SP,delivered,1,1,99.00,9.44,1,2,5.0,5,false
ord_5cf94b5b3cf906791aacf219,2017-05-29,SP,delivered,2,1,95.80,30.20,1,2,5.0,7,false
ord_03f9fcfa4bf9db64aa212b50,2017-06-02,SP,delivered,1,1,12.10,7.78,1,1,5.0,4,false
ord_3f613c440927cda809b35d63,2017-06-24,SP,delivered,1,1,12.97,7.78,1,1,5.0,5,false
ord_aee469d0d92fa5a279346587,2017-07-05,SP,delivered,1,1,119.94,21.85,1,1,5.0,16,false
ord_73f1422384be3af839667cbf,2017-07-25,SP,delivered,2,1,154.00,15.73,1,1,1.0,2,false
ord_2bbf6961d234ae68d5b2f2e5,2017-08-06,SP,delivered,1,1,279.90,9.21,1,6,5.0,2,false
ord_fbbe10723b475d0299d51549,2017-08-07,SP,delivered,1,1,29.90,25.63,1,1,5.0,8,false
ord_9baec39313b2362f907ed4c9,2017-08-30,SP,delivered,1,1,29.90,15.11,1,1,5.0,17,false
ord_00cda85f98841037d83d6ead,2017-09-15,SP,delivered,1,1,58.99,11.73,1,2,5.0,5,false
ord_610624438e87efc96d4c6d8b,2017-09-18,SP,delivered,1,1,29.90,9.34,1,1,5.0,3,false
ord_e6d633519cbe627a1e329597,2017-09-18,SP,delivered,1,1,36.00,7.78,1,4,5.0,2,false
ord_10dff90482017139c4925f2c,2017-10-18,SP,delivered,2,1,48.89,15.56,1,1,1.0,3,false
ord_d6704af4668b54a64beea6d7,2017-10-22,SP,delivered,1,1,49.00,15.10,1,1,5.0,9,false
ord_fc2c29e2af96f45cfd30703b,2017-10-30,SP,delivered,1,1,15.99,9.34,1,2,5.0,2,false
ord_2f1f5146776aa69663113457,2017-11-17,SP,delivered,1,1,23.99,7.78,1,1,2.0,5,false
ord_f7638212f180b2087433d6f0,2017-11-19,SP,delivered,1,1,19.90,9.34,1,1,4.0,4,false
ord_3f2e7cba7a2c939bd20d7496,2017-11-24,SP,delivered,1,1,49.00,13.41,1,1,1.0,20,true
ord_51813df5fe6f358ca36378a7,2017-11-24,SP,delivered,1,1,129.00,13.46,1,1,5.0,6,false
ord_9b7eb2010b68053e2f7a864a,2017-11-24,SP,delivered,1,1,27.99,11.85,1,1,4.0,14,false
ord_a25ae12d043f3da4e28f29c7,2017-11-24,SP,delivered,1,1,56.99,8.72,2,1,5.0,6,false
ord_5968cb07aeeec3d46839e423,2017-11-26,SP,delivered,1,1,69.00,18.72,1,3,5.0,10,false
ord_8c1a2de99c73c8aceaccefd8,2017-11-26,SP,delivered,1,1,49.90,17.60,1,2,5.0,10,false
ord_4da50ba02fd7137ecd9c7cd5,2017-11-27,SP,delivered,1,1,79.90,9.37,1,1,5.0,3,false
ord_196670965d5fd41e73c8f0af,2017-11-28,SP,delivered,1,1,99.99,21.19,1,1,3.0,14,false
ord_a85d8fc40f1ac728edea8f11,2017-11-29,SP,delivered,1,1,39.00,12.69,1,1,3.0,7,false
ord_190160f36e3ddc169dd66d5d,2017-12-10,SP,delivered,1,1,329.90,67.40,1,8,5.0,8,false
ord_6b3c81443a1f6dcf698767ea,2017-12-19,SP,delivered,1,1,89.99,9.44,1,4,5.0,3,false
ord_afa0d001a7f65515068db754,2017-12-21,SP,delivered,1,1,43.00,11.73,1,1,5.0,5,false
ord_0030acd6d47b46b20140ff5f,2018-01-02,SP,delivered,1,1,45.60,7.78,1,1,1.0,9,false
ord_c74c50577f805992bc9298a3,2018-01-18,SP,delivered,1,1,189.00,12.82,1,1,4.0,5,false
ord_00ffc882b789c2c177b56b9e,2018-01-22,SP,delivered,1,1,29.50,13.08,1,1,5.0,9,false
ord_14198c3b5552617bcb949899,2018-01-30,SP,delivered,1,1,99.90,12.40,1,10,4.0,4,false
ord_1ecc7707066d1522476eb181,2018-02-06,SP,delivered,1,1,249.00,13.24,1,10,5.0,22,false
ord_b7e4d5c99ae76e3f026b4c2f,2018-02-07,SP,delivered,3,1,299.97,43.29,1,1,5.0,14,false
ord_d791643dc93e55d06af1466c,2018-02-11,SP,delivered,1,1,265.00,39.69,1,3,5.0,24,false
ord_9e63648f4f72dfd7fb21963f,2018-02-19,SP,delivered,1,1,49.90,11.85,1,3,4.0,15,false
ord_78fd846b2429301eed8e67ca,2018-02-24,SP,delivered,1,1,50.00,11.85,1,1,1.0,39,true
ord_31b428b6a01b671297f27238,2018-02-28,SP,delivered,1,1,27.99,11.85,1,1,4.0,13,false
ord_4fa57dd69199f58592ceeb00,2018-02-28,SP,delivered,2,1,104.00,17.44,1,2,5.0,5,false
ord_36098d4537d850b00140d785,2018-03-02,SP,delivered,1,1,45.80,16.11,1,3,1.0,9,false
ord_5fac57189fa914cd79ebdd8b,2018-03-04,SP,delivered,1,1,189.90,16.09,1,1,4.0,12,false
ord_b987606eab13efdbd80f5a47,2018-03-05,SP,delivered,6,1,297.00,76.14,1,5,4.0,5,false
ord_ae58ebd829a5c822c474efae,2018-03-07,SP,delivered,1,1,149.90,27.13,1,5,5.0,15,false
ord_74f42ead63bbf9fb6b8824cc,2018-03-18,SP,delivered,1,1,759.90,13.67,1,8,5.0,9,false
ord_937a4b491ed2ea752088638d,2018-03-21,SP,delivered,1,1,159.00,7.98,1,8,2.0,8,false
ord_5fd2325d1b64e3fbfa0951c4,2018-03-25,SP,delivered,2,1,15.00,14.78,1,1,5.0,3,false
ord_c69ca2b79708b42ba73306f2,2018-04-02,SP,delivered,1,1,18.90,13.47,1,1,5.0,10,false
ord_f29f7a00430a2c04a12cb57f,2018-04-02,SP,delivered,1,1,50.00,19.32,1,1,5.0,7,false
ord_1609e6a4a9784ec3d81ba97a,2018-04-05,SP,delivered,1,1,151.90,17.97,1,6,5.0,5,false
ord_f89b0ce7874f8cbaebb51be6,2018-04-05,SP,delivered,1,1,215.00,13.41,1,3,5.0,8,false
ord_4f869fe7ee895a79cb3a1f98,2018-04-08,SP,delivered,1,0,145.90,55.28,1,8,5.0,16,false
ord_d3a7cbe029f5b7932279c2d3,2018-04-10,SP,delivered,1,1,59.90,12.86,1,1,5.0,14,false
ord_244750ee18de3495d323168f,2018-04-15,SP,delivered,2,1,231.00,48.50,1,1,1.0,5,false
ord_cacc7aeddc603cfb46e4cec3,2018-04-16,SP,delivered,1,1,269.90,12.51,1,3,5.0,7,false
ord_2f3b8ce9d61f9f77fbd0da72,2018-05-02,SP,delivered,1,1,39.99,8.29,1,1,5.0,2,false
ord_b0cc3bd5903c84673c46d147,2018-05-02,SP,delivered,1,1,72.00,32.43,1,3,5.0,3,false
ord_edb64f5df07bb5b6d9f94766,2018-05-05,SP,delivered,1,1,206.00,8.63,1,1,5.0,3,false
ord_b70c8b69f114a0db7b9a1421,2018-05-07,SP,delivered,1,1,55.00,11.15,1,1,4.0,3,false
ord_86d361b3a53c107ee0c1ec65,2018-05-10,SP,delivered,1,1,179.97,23.84,1,4,4.0,7,false
ord_b268856753d5f68bfda0f657,2018-05-10,SP,delivered,1,1,64.99,18.71,1,1,5.0,13,false
ord_a07e33808f6b8dfaec9bb0d4,2018-05-13,SP,delivered,1,1,26.90,8.29,1,1,5.0,3,false
ord_068e236f8222f0ff437a520c,2018-05-15,SP,delivered,1,1,79.90,18.44,1,1,5.0,6,false
ord_1c758249a20037eb63be8361,2018-05-18,SP,delivered,1,1,28.00,8.29,1,2,5.0,5,false
ord_ae269f3601493ca023e19560,2018-05-18,SP,delivered,1,1,699.99,27.48,1,10,5.0,19,true
ord_049f274b22a127eedf587d47,2018-05-23,SP,delivered,1,1,38.90,9.44,1,1,5.0,5,false
ord_ba693bf252af348afce80349,2018-05-28,SP,delivered,1,1,24.90,12.79,1,3,5.0,8,false
ord_3391e6331400f479b7ca10de,2018-06-06,SP,delivered,1,1,13.99,7.39,1,1,3.0,2,false
ord_86ee0cac86ffdb398d6098fb,2018-06-08,SP,delivered,1,1,45.90,12.79,1,1,5.0,11,false
ord_98699c8459d107e4f851bdca,2018-06-17,SP,delivered,3,1,47.97,38.37,1,3,4.0,5,false
ord_ab72820dcfed95c887fc0f9d,2018-06-18,SP,delivered,1,1,48.90,9.47,1,1,5.0,4,false
ord_4804b51db130a2d09e013f87,2018-06-20,SP,delivered,1,1,151.30,18.19,1,3,5.0,8,false
ord_55a60820e32205c6ea161426,2018-06-24,SP,delivered,1,1,229.99,18.82,1,8,4.0,9,false
ord_0c6de7ff4a06d4f70fb3ee0f,2018-06-30,SP,delivered,1,1,219.99,24.30,1,1,4.0,6,false
ord_bfac043488754b8e375813ae,2018-07-12,SP,delivered,2,2,128.89,24.34,1,2,3.0,4,false
ord_c46aa707c195a9e4e272b915,2018-07-18,SP,delivered,1,1,95.00,14.98,1,1,5.0,10,false
ord_f35758ba499d4bb330ec3b2d,2018-07-19,SP,delivered,2,1,374.40,49.82,1,10,5.0,6,false
ord_8a5fc4d21885c8695028b6f5,2018-07-21,SP,delivered,1,1,229.90,16.71,1,18,5.0,13,false
ord_bb8b85e6c483111d304e873c,2018-07-21,SP,delivered,1,1,647.00,17.83,1,10,4.0,4,false
ord_0757bec3dd3e14860837e2a1,2018-07-29,SP,delivered,1,1,179.89,13.92,1,8,4.0,5,false
ord_c51b7d1325d0626a2a4741f4,2018-08-01,SP,delivered,1,1,110.32,8.03,1,5,1.0,13,true
ord_0c80542e5073428f8027a1e1,2018-08-02,SP,delivered,1,1,109.00,24.84,1,1,5.0,5,false
ord_156ea97886b9ee0db075797b,2018-08-05,SP,delivered,1,1,138.00,13.63,1,10,5.0,5,false
ord_ba74d254c1e0f0b3d5822ca3,2018-08-06,SP,delivered,2,1,49.80,14.86,1,1,1.0,10,true
ord_1fb491b99bb07f3420953093,2018-08-08,SP,delivered,1,1,145.90,13.68,1,2,4.0,5,false
ord_44642a66d536ced1be65f1e7,2018-08-14,SP,delivered,2,1,77.98,18.98,1,1,5.0,6,false
ord_c36df5f43b0738d9a9a690e9,2018-08-17,SP,delivered,1,1,57.90,13.07,1,2,5.0,5,false
ord_2e275698b3cf9c833653fb39,2018-08-23,SP,delivered,1,1,99.90,19.89,1,2,4.0,7,false
ord_36b64b5a708b9fab01fc6f3b,2018-08-25,SP,delivered,1,1,72.99,9.26,1,1,5.0,3,false
ord_23cd440ff0bfaa3b820f5bd5,2018-08-28,SP,delivered,1,1,29.90,7.47,1,1,5.0,2,false
