month,marketing_carrier_code,scheduled_flights,completed_nondiverted_flights,cancelled_flights,diverted_flights,arrival_delayed_15_flights,mean_arrival_delay_minutes,arrival_delay_15_rate,cancellation_rate,carrier_delay_minutes,weather_delay_minutes,national_aviation_system_delay_minutes,security_delay_minutes,late_aircraft_delay_minutes
2024-01-01,AA,147443,142515,4476,452,38604,16.279,0.26182,0.03036,961082,392301,518586,7840,1470976
2024-02-01,AA,141303,140715,358,230,21947,1.019,0.15532,0.00253,544836,76279,230445,5762,625248
2024-03-01,AA,155274,153460,1388,426,33101,8.994,0.21318,0.00894,812556,164164,381729,6713,1277685
2024-04-01,AA,156745,154814,1513,418,32341,8.758,0.20633,0.00965,750068,206368,404180,4387,1143450
2024-05-01,AA,165859,160619,4443,797,50706,22.767,0.30572,0.02679,1284771,439269,733651,7236,2078681
2024-06-01,AA,163667,160136,2978,553,42869,15.788,0.26193,0.0182,1156614,268008,464849,7348,1774111
2024-07-01,AA,169929,165597,3678,654,53916,23.579,0.31729,0.02164,1451297,290647,606369,6589,2541907
2024-08-01,AA,169090,164198,4321,571,43181,15.535,0.25537,0.02555,1136725,265369,521747,5521,1750631
2024-09-01,AA,158737,157269,1235,233,27795,3.885,0.1751,0.00778,685595,104420,299200,2879,846513
2024-10-01,AA,169209,168066,963,180,23861,0.12,0.14101,0.00569,674273,63360,211705,3442,683529
2024-11-01,AA,154322,153078,951,293,23166,0.97,0.15011,0.00616,604401,105918,262823,3581,637417
2024-12-01,AA,159147,156940,1648,559,35567,10.583,0.22349,0.01036,921265,272890,401241,4298,1316926
2024-01-01,AS,29057,25421,3457,179,6618,9.952,0.22776,0.11897,117886,29594,74403,1639,192696
2024-02-01,AS,27728,27325,304,99,4970,1.82,0.17924,0.01096,70612,11976,87307,1108,98462
2024-03-01,AS,32495,32173,230,92,6959,5.074,0.21416,0.00708,102597,10557,114685,1620,145337
2024-04-01,AS,32607,32342,190,75,6508,4.352,0.19959,0.00583,97073,8239,112263,2130,126876
2024-05-01,AS,35071,34840,152,79,7492,5.295,0.21362,0.00433,112137,8440,103351,1161,129262
2024-06-01,AS,36131,35871,205,55,8121,6.635,0.22477,0.00567,111206,14426,105782,1323,159798
2024-07-01,AS,38462,38137,279,46,8770,6.423,0.22802,0.00725,124007,13395,101373,1678,172269
2024-08-01,AS,37624,37188,333,103,8769,7.471,0.23307,0.00885,117058,21478,117406,1867,179348
2024-09-01,AS,34623,34398,166,59,7047,4.302,0.20354,0.00479,93282,9291,94873,1031,127313
2024-10-01,AS,34345,34026,254,65,5958,2.414,0.17348,0.0074,83112,11957,81740,1205,108331
2024-11-01,AS,32997,32645,280,72,5716,2.346,0.17323,0.00849,76282,6740,91564,650,107319
2024-12-01,AS,33978,33444,405,129,7179,4.922,0.21128,0.01192,96222,31205,99493,1931,163042
2024-01-01,B6,19580,19172,334,74,5565,13.522,0.28422,0.01706,173848,15588,86435,492,157993
2024-02-01,B6,19235,18923,267,45,4639,7.546,0.24117,0.01388,139242,5684,52566,467,134283
2024-03-01,B6,21565,21190,309,66,6445,17.608,0.29886,0.01433,217239,13461,92310,618,228364
2024-04-01,B6,20124,19762,288,74,4401,7.144,0.21869,0.01431,138935,5342,68596,991,137707
2024-05-01,B6,21246,21057,104,85,5234,9.625,0.24635,0.0049,156531,7677,89683,329,150539
2024-06-01,B6,19903,19288,490,125,5410,15.411,0.27182,0.02462,175206,18131,105935,727,170426
2024-07-01,B6,20182,19852,234,96,6141,18.74,0.30428,0.01159,202802,10157,105053,703,197027
2024-08-01,B6,20498,19462,916,120,7019,26.105,0.34242,0.04469,239274,20181,136924,910,237584
2024-09-01,B6,18350,18213,76,61,3260,2.277,0.17766,0.00414,114875,7085,43759,144,64374
2024-10-01,B6,19694,19172,489,33,2717,-3.568,0.13796,0.02483,80570,1027,29450,394,46862
2024-11-01,B6,19134,19109,0,25,3001,-3.087,0.15684,0.0,85837,546,39356,399,55678
2024-12-01,B6,20771,20483,228,60,6289,15.658,0.30278,0.01098,137589,11962,92873,835,221948
2024-01-01,DL,116199,113771,2112,316,23374,7.576,0.20115,0.01818,837064,348296,325870,1287,451755
2024-02-01,DL,110498,109798,512,188,12138,-4.545,0.10985,0.00463,403471,77780,151758,1447,165088
2024-03-01,DL,125895,125456,243,196,18721,0.557,0.1487,0.00193,598838,73590,259435,532,319988
2024-04-01,DL,126372,125787,382,203,18650,1.849,0.14758,0.00302,635689,78661,251244,2654,328491
2024-05-01,DL,132595,131721,511,363,25934,7.083,0.19559,0.00385,775120,137381,395332,2013,579730
2024-06-01,DL,133693,132238,1065,390,27169,7.708,0.20322,0.00797,982120,153426,416451,878,483809
2024-07-01,DL,138426,130190,7735,501,36605,19.816,0.26444,0.05588,1820828,152203,516883,1549,948788
2024-08-01,DL,136680,133759,2549,372,25936,6.587,0.18976,0.01865,897586,139709,451706,815,496174
2024-09-01,DL,129399,128724,472,203,15838,-2.093,0.1224,0.00365,511936,82414,162176,761,241105
2024-10-01,DL,135617,134695,800,122,12782,-4.708,0.09425,0.0059,500297,39235,104081,574,164626
2024-11-01,DL,126460,126265,48,147,14180,-3.998,0.11213,0.00038,456797,73919,166294,741,176191
2024-12-01,DL,129853,129189,393,271,25721,5.144,0.19808,0.00303,877235,179441,316343,1419,457688
2024-01-01,F9,14379,14045,311,23,3814,14.719,0.26525,0.02163,87728,13404,56800,0,171298
2024-02-01,F9,14157,14112,35,10,2809,3.747,0.19842,0.00247,49100,2533,45818,0,104158
2024-03-01,F9,17324,16833,463,28,5333,21.652,0.30784,0.02673,121369,8933,87132,0,275272
2024-04-01,F9,17081,16778,286,17,4980,18.639,0.29155,0.01674,104929,6606,65295,0,259465
2024-05-01,F9,18647,18117,488,42,6249,20.869,0.33512,0.02617,116115,10564,94685,0,272280
2024-06-01,F9,18646,17952,655,39,6520,24.698,0.34967,0.03513,155425,10823,86852,0,288842
2024-07-01,F9,19432,18516,878,38,6498,22.238,0.3344,0.04518,142551,6071,85726,0,284379
2024-08-01,F9,18813,18158,615,40,5901,18.601,0.31367,0.03269,127684,10191,88647,0,236878
2024-09-01,F9,17491,17186,287,18,4102,8.294,0.23452,0.01641,80780,6048,47565,0,143924
2024-10-01,F9,17801,17241,555,5,4185,9.86,0.2351,0.03118,93544,3815,41044,0,162995
2024-11-01,F9,17559,17389,151,19,3914,7.418,0.22291,0.0086,66866,7795,49799,0,160449
2024-12-01,F9,17294,17155,111,28,4176,8.939,0.24147,0.00642,74924,5638,59492,0,160948
2024-01-01,G4,8596,8366,193,37,1869,10.528,0.21743,0.02245,52020,35355,34382,527,59483
2024-02-01,G4,8486,8460,12,14,1498,4.841,0.17653,0.00141,51442,13243,28573,258,41494
2024-03-01,G4,11031,10941,71,19,2574,10.914,0.23334,0.00644,75340,9743,63212,411,77973
2024-04-01,G4,9271,9215,43,13,1258,0.43,0.13569,0.00464,42275,7780,37098,318,39483
2024-05-01,G4,9567,9513,35,19,1977,7.647,0.20665,0.00366,50522,11562,38475,136,60580
2024-06-01,G4,12229,12043,146,40,3067,14.164,0.2508,0.01194,92943,21682,32630,1013,106604
2024-07-01,G4,12861,12419,415,27,3678,20.162,0.28598,0.03227,119088,39972,42392,1125,122411
2024-08-01,G4,9244,9016,199,29,2246,13.765,0.24297,0.02153,67865,23940,30399,471,77076
2024-09-01,G4,6889,6721,157,11,1144,2.73,0.16606,0.02279,38805,8915,10217,80,31285
2024-10-01,G4,9195,8588,588,19,1304,2.884,0.14182,0.06395,47807,9601,14977,117,40187
2024-11-01,G4,8757,8742,5,10,1379,0.738,0.15747,0.00057,38169,9077,16138,201,38257
2024-12-01,G4,11084,10858,154,72,2903,18.028,0.26191,0.01389,95254,40771,48701,335,108961
2024-01-01,HA,6576,6475,96,5,1738,10.665,0.26429,0.0146,34552,7057,4837,233,30954
2024-02-01,HA,6067,5992,68,7,1141,7.948,0.18807,0.01121,36054,777,3662,57,20156
2024-03-01,HA,6455,6414,36,5,785,1.805,0.12161,0.00558,20549,665,502,151,9443
2024-04-01,HA,6375,6285,82,8,927,4.396,0.14541,0.01286,26320,886,566,187,20650
2024-05-01,HA,6652,6478,168,6,1371,7.679,0.2061,0.02526,31096,773,2519,426,26214
2024-06-01,HA,6597,6547,45,5,1035,3.988,0.15689,0.00682,26987,217,1036,95,14290
2024-07-01,HA,6820,6756,55,9,1019,4.921,0.14941,0.00806,33444,241,580,818,16421
2024-08-01,HA,6829,6720,104,5,792,2.53,0.11598,0.01523,28423,319,161,92,11390
2024-09-01,HA,6450,6417,31,2,634,0.574,0.09829,0.00481,19787,127,851,130,6875
2024-10-01,HA,6583,6503,73,7,839,2.35,0.12745,0.01109,20275,66,1566,9,12549
2024-11-01,HA,6427,6393,29,5,662,-0.121,0.103,0.00451,16007,1213,338,34,10099
2024-12-01,HA,6699,6653,35,11,1055,4.435,0.15749,0.00522,31662,2739,571,308,15194
2024-01-01,NK,20415,20081,303,31,5274,9.684,0.25834,0.01484,89128,13001,141686,3442,96935
2024-02-01,NK,19929,19765,138,26,4264,4.894,0.21396,0.00692,73427,4697,100255,2269,81918
2024-03-01,NK,22885,22459,394,32,6528,12.714,0.28525,0.01722,97157,10022,226294,2598,106403
2024-04-01,NK,21998,21723,239,36,3818,2.049,0.17356,0.01086,66985,6629,113744,1448,64947
2024-05-01,NK,23298,22951,259,88,6207,13.128,0.26642,0.01112,113287,12124,215247,1948,123397
2024-06-01,NK,23437,22770,600,67,6189,11.95,0.26407,0.0256,110089,14643,180378,3007,139102
2024-07-01,NK,24769,23436,1278,55,8309,21.452,0.33546,0.0516,197467,19283,233153,2381,202551
2024-08-01,NK,24676,23634,977,65,7071,16.191,0.28655,0.03959,133083,18586,239647,1577,152913
2024-09-01,NK,20399,20147,236,16,3496,1.041,0.17138,0.01157,66665,6413,95035,911,57036
2024-10-01,NK,21176,20733,421,22,3070,-1.527,0.14498,0.01988,61910,1148,78265,1201,54064
2024-11-01,NK,19459,19391,55,13,2775,-2.201,0.14261,0.00283,52016,1564,75263,351,43703
2024-12-01,NK,18662,18543,98,21,4162,6.717,0.22302,0.00525,79019,5296,110029,1469,88297
2024-01-01,UA,104791,97256,7225,310,21409,10.147,0.2043,0.06895,583244,193620,316460,1638,815501
2024-02-01,UA,100081,98736,1092,253,15469,0.712,0.15456,0.01091,382419,95523,288251,415,433810
2024-03-01,UA,110590,109249,1073,268,18826,1.776,0.17023,0.0097,421809,70530,337564,926,511780
2024-04-01,UA,108768,107731,720,317,19271,3.42,0.17718,0.00662,448618,73828,319150,236,537950
2024-05-01,UA,113997,111161,2303,533,27495,13.77,0.24119,0.0202,663207,258336,533774,734,951000
2024-06-01,UA,113679,111486,1725,468,25278,10.616,0.22236,0.01517,656036,173683,401103,137,819184
2024-07-01,UA,118284,113607,4173,504,30585,16.039,0.25857,0.03528,915196,150010,498854,621,1061078
2024-08-01,UA,118847,115879,2414,554,25301,9.392,0.21289,0.02031,661743,144536,433709,137,765828
2024-09-01,UA,116750,116040,517,193,15554,-0.963,0.13322,0.00443,402882,50102,170925,280,402703
2024-10-01,UA,123412,122628,625,159,14383,-2.708,0.11654,0.00506,404587,34691,163004,118,329701
2024-11-01,UA,116891,115805,899,187,20227,3.015,0.17304,0.00769,458647,86908,398719,41,510812
2024-12-01,UA,118180,116931,933,316,22999,6.348,0.19461,0.00789,561379,154271,360425,177,655623
2024-01-01,WN,115389,111613,3566,210,26310,6.421,0.22801,0.0309,379809,31696,259920,5734,668111
2024-02-01,WN,105207,104603,466,138,17204,0.706,0.16353,0.00443,232769,15094,193224,2413,388079
2024-03-01,WN,125272,123905,1170,197,27976,6.796,0.22332,0.00934,399792,23325,319493,4319,817692
2024-04-01,WN,120579,119903,482,194,23674,4.678,0.19634,0.004,360631,23181,219094,3371,642248
2024-05-01,WN,122496,121237,828,431,33832,12.926,0.27619,0.00676,495397,71521,356737,3444,1166849
2024-06-01,WN,123817,123048,406,363,31746,9.928,0.25639,0.00328,502487,50958,260481,4880,916001
2024-07-01,WN,127642,126291,849,502,36225,12.165,0.2838,0.00665,591746,60000,303596,5501,1084224
2024-08-01,WN,118338,117017,1006,315,23794,5.068,0.20107,0.0085,361283,43019,258777,3418,632635
2024-09-01,WN,112561,111925,493,143,16242,-0.271,0.1443,0.00438,226824,10277,141152,1423,356397
2024-10-01,WN,119251,117570,1546,135,15707,-1.256,0.13171,0.01296,232103,7014,124065,2030,355609
2024-11-01,WN,112591,112068,386,137,14240,-2.486,0.12648,0.00343,208470,11977,129580,2473,325410
2024-12-01,WN,116276,115417,574,285,22464,4.711,0.1932,0.00494,350339,30541,196968,3303,736564
