study,study_index,student_in_study,student_id_global,pre_score,post_score,change_score
Study 1,1,1,1,78.72955898,153.91953129907873,75.18997231550642
Study 1,1,2,2,72.99126119119957,66.64548728390807,-6.345773907
Study 1,1,3,3,61.414147369113536,-18.5033063,-79.91745367
Study 1,1,4,4,58.84728639705729,155.2005161,96.35322969201972
Study 1,1,5,5,72.29468379,-39.88743806,-112.1821218
Study 1,1,6,6,70.93926660477227,46.93932418184585,-23.99994242
Study 1,1,7,7,92.86220289582937,103.50708926699296,10.644886371163597
Study 1,1,8,8,70.25170086225027,22.74832988273414,-47.50337098
Study 1,1,9,9,78.37448423405644,58.47781847353207,-19.89666576
Study 1,1,10,10,82.49759734618637,136.2507854817337,53.753188135547326
Study 1,1,11,11,48.821615847935206,60.56265639,11.74104053974619
Study 1,1,12,12,84.57389057234266,250.37952998493182,165.80563941258916
Study 1,1,13,13,74.29802939875931,64.90617140527795,-9.391857993
Study 1,1,14,14,78.22049619809854,78.12613166305553,-0.094364535
Study 1,1,15,15,71.12996382210164,165.06437595265496,93.93441213055331
Study 1,1,16,16,76.27132076781274,159.23519667716937,82.96387590935662
Study 1,1,17,17,68.43387706343437,176.07584774959003,107.64197068615566
Study 1,1,18,18,67.21769080482689,51.04503294,-16.17265787
Study 1,1,19,19,44.11881685308391,98.22362948167552,54.10481262859161
Study 1,1,20,20,62.76268836361984,-13.58402034,-76.34670871
Study 1,1,21,21,40.203878864825576,21.609417328063397,-18.59446154
Study 1,1,22,22,84.3994467,42.23757002354591,-42.16187668
Study 1,1,23,23,66.36355320763214,102.9885901020983,36.62503689446617
Study 1,1,24,24,65.54615677225674,158.44420583210234,92.89804905984559
Study 1,1,25,25,80.83868982723665,70.77577647,-10.06291336
Study 1,1,26,26,81.52038252,80.16648285075543,-1.353899673
Study 1,1,27,27,71.55202344636618,149.35790420397856,77.80588075761239
Study 1,1,28,28,88.56897435566418,45.314093781951996,-43.25488057
Study 1,1,29,29,65.12010700348569,168.9460142817065,103.82590727822082
Study 1,1,30,30,72.76641965760601,-61.51094408,-134.2773637
Study 1,1,31,31,70.62728070339844,55.781341776612564,-14.84593893
Study 1,1,32,32,79.58651055800456,87.16766244,7.581151880250551
Study 1,1,33,33,35.14179147231196,25.909452007592062,-9.232339465
Study 1,1,34,34,68.25840203268493,39.62599258828146,-28.63240944
Study 1,1,35,35,57.49460817119318,-4.360483905,-61.85509208
Study 1,1,36,36,61.211154764912216,-78.81789618,-140.0290509
Study 1,1,37,37,58.87172302,-1.545794933,-60.41751796
Study 1,1,38,38,85.28784143091596,127.03965392187277,41.75181249095681
Study 1,1,39,39,71.39984916762288,109.47639542875969,38.07654626113681
Study 1,1,40,40,72.16689958747048,217.9718719428514,145.80497235538093
Study 1,1,41,41,77.45811671859943,138.1561457234924,60.698029004892966
Study 1,1,42,42,71.91457348782225,202.90128912580607,130.98671563798382
Study 1,1,43,43,78.08347581489453,25.155427116583482,-52.9280487
Study 1,1,44,44,91.73784143048351,28.846851524635596,-62.89098991
Study 1,1,45,45,60.63638468,53.84400368979024,-6.792380993
Study 1,1,46,46,71.37387905540592,112.93030416581914,41.55642511041322
Study 1,1,47,47,67.13343731890828,53.106931776452655,-14.02650554
Study 1,1,48,48,71.31691083654263,57.47204359036968,-13.84486725
Study 1,1,49,49,67.95248468046461,149.86877509363757,81.91629041317294
Study 1,1,50,50,67.66916891837478,41.43894562686779,-26.23022329
Study 1,1,51,51,76.36646410210419,201.55376705234102,125.18730295023684
Study 1,1,52,52,53.93661615574295,117.41650935043546,63.479893194692515
Study 1,1,53,53,81.06009933298728,131.50388446410858,50.44378513112132
Study 1,1,54,54,80.47822643701056,25.247708365398566,-55.23051807
Study 1,1,55,55,58.54547799442675,101.8193271503205,43.273849155893764
Study 1,1,56,56,67.00221528072413,93.93965265253638,26.937437371812255
Study 1,1,57,57,68.85977840104047,151.5164897411596,82.65671134011913
Study 1,1,58,58,63.39696748212537,37.62624621157828,-25.77072127
Study 1,1,59,59,64.34844803684545,159.25268404454172,94.90423600769627
Study 1,1,60,60,66.99434392193898,-111.6413795,-178.6357234
Study 1,1,61,61,60.05945303258987,46.61129703871883,-13.44815599
Study 1,1,62,62,67.97722190895638,207.99445485584073,140.01723294688435
Study 1,1,63,63,60.95671444110944,68.94196535,7.985250913826267
Study 1,1,64,64,74.39230283,56.14703802484678,-18.2452648
Study 1,1,65,65,60.92050156410167,184.68746327454076,123.76696171043909
Study 1,1,66,66,77.56966879762304,55.53143063644452,-22.03823816
Study 1,1,67,67,66.86451403726605,25.706131156760883,-41.15838288
Study 1,1,68,68,79.41236132713301,113.57068716583525,34.15832583870224
Study 1,1,69,69,78.22003805200337,113.89736121381232,35.67732316180894
Study 1,1,70,70,74.19306778393936,106.78051097025954,32.58744318632019
Study 1,1,71,71,80.67060680168666,35.86700604431208,-44.80360076
Study 1,1,72,72,63.23073703748882,35.57166415,-27.65907289
Study 1,1,73,73,72.78600628,47.06635940467963,-25.71964688
Study 1,1,74,74,80.59350096316747,155.29820955354333,74.70470859037586
Study 1,1,75,75,79.44248235,38.40129005296702,-41.04119229
Study 1,1,76,76,72.94480399372276,66.87602197903871,-6.068782015
Study 1,1,77,77,73.43252398618525,78.04613906244238,4.613615076257138
Study 1,1,78,78,49.69375533681121,62.87736973070653,13.183614393895324
Study 1,1,79,79,57.806406156315845,79.52279136066812,21.71638520435228
Study 1,1,80,80,79.54588950337876,92.75964797841019,13.213758475031423
Study 1,1,81,81,86.08714707391849,143.58613506130803,57.49898798738953
Study 1,1,82,82,58.982377435489894,-21.27051666,-80.2528941
Study 1,1,83,83,68.79293733572577,56.88733479109759,-11.90560254
Study 1,1,84,84,79.81095357790677,165.04142825235084,85.23047467444405
Study 1,1,85,85,64.72942268888923,101.68361152547973,36.954188836590504
Study 1,1,86,86,74.76600740612417,118.33872002531179,43.57271261918761
Study 1,1,87,87,81.49200981653652,75.69505831223404,-5.796951504
Study 1,1,88,88,60.51763850361886,64.65574728641377,4.1381087827949035
Study 1,1,89,89,55.043461576620345,83.97338725424659,28.929925677626244
Study 1,1,90,90,68.89112471447548,193.1311295008681,124.24000478639262
Study 1,1,91,91,73.27790823337968,39.19650933906732,-34.08139889
Study 1,1,92,92,76.55122700328062,169.96680715871474,93.41558015543413
Study 1,1,93,93,75.30843910765675,-7.133352519,-82.44179163
Study 1,1,94,94,72.03942328510132,37.21325091808991,-34.82617237
Study 1,1,95,95,66.36953125132456,98.28194878868325,31.912417537358685
Study 1,1,96,96,65.47868590229007,78.49777403833279,13.019088136042724
Study 1,1,97,97,57.904872800341565,7.433874728676621,-50.47099807
Study 1,1,98,98,50.592287251486816,66.45116533879413,15.858878087307307
Study 1,1,99,99,70.11696757,179.2079098933546,109.0909423273468
Study 1,1,100,100,57.22563804649671,-3.926564915,-61.15220296
Study 2,2,1,101,54.88738626654032,76.82161024489083,21.934223978350513
Study 2,2,2,102,69.39045733775052,-15.29284542,-84.68330276
Study 2,2,3,103,80.61904963590493,177.04424395361104,96.42519431770613
Study 2,2,4,104,63.09932672129781,83.54244716000034,20.443120438702522
Study 2,2,5,105,66.73151407551579,9.943710403116839,-56.78780367
Study 2,2,6,106,79.25708607075738,165.53711796626305,86.28003189550569
Study 2,2,7,107,63.64426047439156,139.1843544615658,75.54009398717423
Study 2,2,8,108,58.351928507543526,-15.20340802,-73.55533653
Study 2,2,9,109,71.76315464638891,155.18530926121866,83.42215461482975
Study 2,2,10,110,70.51494449095549,48.37059484694311,-22.14434964
Study 2,2,11,111,68.36556566682431,23.715308251686352,-44.65025742
Study 2,2,12,112,66.56920661887443,126.92078335621939,60.351576737344956
Study 2,2,13,113,61.52285066895965,31.767081172452528,-29.7557695
Study 2,2,14,114,66.52864382663714,-8.380373974,-74.9090178
Study 2,2,15,115,51.79765001504026,30.09723475573835,-21.70041526
Study 2,2,16,116,59.52190981076575,47.764363707458976,-11.7575461
Study 2,2,17,117,69.44467395702735,82.26960435161463,12.82493039458728
Study 2,2,18,118,81.42962682064665,46.92481009201829,-34.50481673
Study 2,2,19,119,63.60438570256883,91.23432055910354,27.629934856534714
Study 2,2,20,120,66.79407260317416,100.92170115342438,34.12762855025023
Study 2,2,21,121,65.60509939,78.40506457802593,12.799965186727231
Study 2,2,22,122,70.20103523874562,82.86360740514999,12.662572166404367
Study 2,2,23,123,76.33579462111102,-66.97055016,-143.3063448
Study 2,2,24,124,77.91062570582015,105.26356285650833,27.35293715068818
Study 2,2,25,125,74.54272170757963,27.040402195967083,-47.50231951
Study 2,2,26,126,53.73444618631971,-32.30292129,-86.03736747
Study 2,2,27,127,71.74411744354704,75.61329751479047,3.8691800712434326
Study 2,2,28,128,86.25911235332535,-3.826209405,-90.08532176
Study 2,2,29,129,73.51522755119605,96.34088029,22.825652741202845
Study 2,2,30,130,71.01345927,193.76302749407358,122.74956822811316
Study 2,2,31,131,87.32644860518502,173.7127149213852,86.38626631620019
Study 2,2,32,132,60.98100758968124,52.983219060304734,-7.997788529
Study 2,2,33,133,72.67476491843301,3.6373638127788723,-69.03740111
Study 2,2,34,134,66.86173195123713,90.83619805430523,23.974466103068092
Study 2,2,35,135,56.14927312917536,47.354957908226815,-8.794315221
Study 2,2,36,136,52.96435359,118.4689304879745,65.50457690187051
Study 2,2,37,137,76.82051248492945,39.390209112895846,-37.43030337
Study 2,2,38,138,77.92883146389839,47.35481690552873,-30.57401456
Study 2,2,39,139,83.19491066906417,60.353556632219835,-22.84135404
Study 2,2,40,140,53.00127091642645,137.58471452852388,84.58344361209741
Study 2,2,41,141,73.80823492253245,153.8022615289313,79.99402660639885
Study 2,2,42,142,95,94.80542592355211,-0.194574076
Study 2,2,43,143,64.72899922,124.89701976601128,60.16802054852218
Study 2,2,44,144,72.92103619863639,54.07877174049194,-18.84226446
Study 2,2,45,145,60.02113550831807,90.36834929188403,30.347213783565962
Study 2,2,46,146,81.51007206001601,33.1636244,-48.34644766
Study 2,2,47,147,52.16301847569234,77.67986042416273,25.516841948470386
Study 2,2,48,148,66.16722697096485,62.63838660897666,-3.528840362
Study 2,2,49,149,56.80507590807076,89.10118184776817,32.29610593969741
Study 2,2,50,150,84.48509257327163,90.94699884692467,6.461906274
Study 2,2,51,151,86.01811166411247,77.98904516014078,-8.029066504
Study 2,2,52,152,58.017177717383774,146.83522862791892,88.81805091053515
Study 2,2,53,153,62.59395364598969,37.194231661663295,-25.39972198
Study 2,2,54,154,76.53451693407935,-4.454125551,-80.98864249
Study 2,2,55,155,72.88596227,110.56233970597692,37.67637743371313
Study 2,2,56,156,70.24405032420016,29.370095771598834,-40.87395455
Study 2,2,57,157,62.56686303457791,55.142853494700944,-7.42400954
Study 2,2,58,158,81.48691725918283,120.4976847182645,39.01076745908166
Study 2,2,59,159,66.70913802372738,45.48196966920587,-21.22716835
Study 2,2,60,160,83.63720600622024,58.67136043505598,-24.96584557
Study 2,2,61,161,64.00607443372174,78.12831414,14.12223970779717
Study 2,2,62,162,73.43388832164291,167.58803921299256,94.15415089134963
Study 2,2,63,163,78.64485861152042,-0.588350753,-79.23320936
Study 2,2,64,164,75.58001599593118,126.96293781424046,51.382921818309285
Study 2,2,65,165,73.58419119634142,116.1752592076601,42.59106801131869
Study 2,2,66,166,57.10113477420487,90.97006112800096,33.868926353796084
Study 2,2,67,167,53.956677206795504,77.31791002991497,23.361232823119472
Study 2,2,68,168,62.31329415476907,-13.51547087,-75.82876502
Study 2,2,69,169,77.23504346454709,78.98525973286307,1.7502162683159774
Study 2,2,70,170,72.05233841264945,44.53339142234728,-27.51894699
Study 2,2,71,171,70.85239581636533,95.08047327,24.228077453453068
Study 2,2,72,172,51.213340052598156,57.26756676640194,6.054226713803789
Study 2,2,73,173,78.98549639324006,21.92200131292222,-57.06349508
Study 2,2,74,174,67.96029418584997,8.583385562728694,-59.37690862
Study 2,2,75,175,65.21032820404783,17.832938425893957,-47.37738978
Study 2,2,76,176,56.11419258173659,144.5019979769969,88.38780539526033
Study 2,2,77,177,60.109716238561134,153.4912603106223,93.38154407206117
Study 2,2,78,178,73.25297489143577,160.72935478624814,87.47637989481237
Study 2,2,79,179,78.99438563949916,121.77997038113406,42.78558474163491
Study 2,2,80,180,58.92919619315424,100.3258561093025,41.396659916148266
Study 2,2,81,181,69.30612661,126.52592858390513,57.21980197255853
Study 2,2,82,182,79.53929996150015,153.51867799480104,73.97937803330089
Study 2,2,83,183,50.940113582276474,77.72445799142969,26.784344409153206
Study 2,2,84,184,75.74977132048284,152.4378936614558,76.68812234097297
Study 2,2,85,185,65.56810740555281,141.11395636917052,75.54584896
Study 2,2,86,186,75.78614211394438,42.90590671666212,-32.8802354
Study 2,2,87,187,66.94953711303653,17.276815199569327,-49.67272191
Study 2,2,88,188,87.87301812734393,88.59793183545044,0.7249137081065182
Study 2,2,89,189,85.69044304075564,83.33724531641263,-2.353197724
Study 2,2,90,190,66.64490661438356,97.87773219,31.23282557592674
Study 2,2,91,191,69.69442156470447,177.61607718164387,107.9216556169394
Study 2,2,92,192,61.308112564368535,60.17262705089207,-1.135485513
Study 2,2,93,193,66.49304268540588,227.01616375983917,160.5231210744333
Study 2,2,94,194,60.93962226042717,18.57698423639969,-42.36263802
Study 2,2,95,195,59.730661832541884,86.08549014421075,26.354828311668864
Study 2,2,96,196,43.36491995916109,-28.25379849,-71.61871845
Study 2,2,97,197,61.989367716529685,36.059705417542226,-25.9296623
Study 2,2,98,198,78.51559496270356,111.75514622909013,33.23955126638657
Study 2,2,99,199,73.82744712680692,154.84021087772894,81.01276375092202
Study 2,2,100,200,85.04858334,157.13062058807998,72.08203725283389
Study 3,3,1,201,68.74963283763935,12.608759039201288,-56.1408738
Study 3,3,2,202,76.90653049016633,87.93493533531812,11.028404845151782
Study 3,3,3,203,74.44944663851727,-11.73203495,-86.18148158
Study 3,3,4,204,63.91603166253556,54.313936828718504,-9.602094834
Study 3,3,5,205,78.24494573069795,94.44498004020961,16.20003430951166
Study 3,3,6,206,57.30486046040853,188.14062217700385,130.83576171659533
Study 3,3,7,207,67.32152426901901,198.1069692123438,130.78544494332482
Study 3,3,8,208,82.38304375906637,144.5912251388583,62.208181379791945
Study 3,3,9,209,60.619685562899065,121.97851943443669,61.358833871537634
Study 3,3,10,210,83.90204784910452,126.50458334357816,42.60253549447365
Study 3,3,11,211,82.74953363571407,134.8474500715057,52.09791643579162
Study 3,3,12,212,75.87438572685036,74.84945670480676,-1.024929022
Study 3,3,13,213,70.82872724154663,6.6798578905061134,-64.14886935
Study 3,3,14,214,68.21571649797643,215.76300326839873,147.5472867704223
Study 3,3,15,215,69.65797149804862,111.58689197933936,41.928920481290724
Study 3,3,16,216,78.93509338126124,-60.10289427,-139.0379876
Study 3,3,17,217,65.71614498452259,42.749434445796226,-22.96671054
Study 3,3,18,218,74.05989054935552,127.61172823183207,53.55183768247657
Study 3,3,19,219,86.17425278028944,53.313024201403735,-32.86122858
Study 3,3,20,220,63.148611541757134,-2.088011781,-65.23662332
Study 3,3,21,221,63.96019899266328,-43.48464199,-107.444841
Study 3,3,22,222,55.75436715342703,127.85180237460315,72.09743522117611
Study 3,3,23,223,68.81447103678293,-59.8768713,-128.6913423
Study 3,3,24,224,72.09613927458894,150.08038932960045,77.98425006
Study 3,3,25,225,68.56837983778757,-68.29928648,-136.8676663
Study 3,3,26,226,79.70708004782819,2.4553461388049698,-77.25173391
Study 3,3,27,227,52.739980095997986,79.71593129140625,26.975951195408264
Study 3,3,28,228,62.74215736,88.36346477857661,25.62130741420001
Study 3,3,29,229,55.48453929228651,55.54684103593264,0.062301744
Study 3,3,30,230,67.21311376828962,118.13115831115701,50.91804454286739
Study 3,3,31,231,78.61129817646236,128.96680107071072,50.35550289424836
Study 3,3,32,232,60.40329773623259,78.00259248583943,17.599294749606845
Study 3,3,33,233,72.64872957146149,138.14927318419382,65.50054361273232
Study 3,3,34,234,65.77964208,144.31985698500318,78.5402149
Study 3,3,35,235,63.26363601438478,55.61845441144606,-7.645181603
Study 3,3,36,236,62.18553705748003,-9.664844411,-71.85038147
Study 3,3,37,237,63.62626704351888,42.92894389589717,-20.69732315
Study 3,3,38,238,70.20657924,-33.94505413,-104.1516334
Study 3,3,39,239,84.99053340898422,116.13749334887876,31.146959939894543
Study 3,3,40,240,63.56602114965827,69.37010007226817,5.8040789226099045
Study 3,3,41,241,75.97093278496392,137.19636559246646,61.22543280750255
Study 3,3,42,242,59.83087052963395,-2.717003465,-62.54787399
Study 3,3,43,243,66.65113583758175,156.3049032277518,89.65376739017005
Study 3,3,44,244,72.46699905959842,28.515891949711367,-43.95110711
Study 3,3,45,245,73.77346323996132,24.162577636656508,-49.6108856
Study 3,3,46,246,77.11195063652609,36.277226251474055,-40.83472439
Study 3,3,47,247,73.53921152512427,38.460690433859085,-35.07852109
Study 3,3,48,248,74.17464713264607,90.61548199752556,16.44083486
Study 3,3,49,249,57.372585159286764,133.16132435520845,75.78873919592169
Study 3,3,50,250,63.29692541,117.28072160974642,53.98379620074852
Study 3,3,51,251,65.77225015971975,80.78439547434752,15.01214531462778
Study 3,3,52,252,75.73545980386288,239.0206052693428,163.28514546547993
Study 3,3,53,253,75.49013915626705,128.96792295490133,53.47778379863426
Study 3,3,54,254,59.35323352534053,171.72983924653877,112.37660572119825
Study 3,3,55,255,68.89235403735559,58.17493939275512,-10.71741464
Study 3,3,56,256,66.49813453,41.039337214441474,-25.45879732
Study 3,3,57,257,49.328351598602886,32.56280922224023,-16.76554238
Study 3,3,58,258,67.68848792198885,168.65394731533033,100.96545939334148
Study 3,3,59,259,67.45960328552412,219.77220360424866,152.31260031872455
Study 3,3,60,260,69.05267157601817,66.16632651561487,-2.88634506
Study 3,3,61,261,62.50645966318798,53.39741033176604,-9.109049331
Study 3,3,62,262,78.05352857241684,103.59152654788207,25.537997975465238
Study 3,3,63,263,83.72029876300462,117.8168662433695,34.09656748036488
Study 3,3,64,264,61.118993128049475,48.57120811823496,-12.54778501
Study 3,3,65,265,82.58523661796913,-5.904706777,-88.48994339
Study 3,3,66,266,74.02461632841452,-0.604286073,-74.6289024
Study 3,3,67,267,71.20610457152863,166.48706529447358,95.28096072294495
Study 3,3,68,268,58.460648121389085,108.39838970884566,49.93774158745658
Study 3,3,69,269,67.34264616,66.30922431283882,-1.033421844
Study 3,3,70,270,82.91539131,126.9428488234058,44.027457516673486
Study 3,3,71,271,68.51616876501019,50.626432338938585,-17.88973643
Study 3,3,72,272,73.76289657186932,76.43038042634039,2.6674838544710724
Study 3,3,73,273,79.27741395442533,192.82275461653535,113.54534066211004
Study 3,3,74,274,68.64343553162394,219.7452751121809,151.10183958055697
Study 3,3,75,275,79.15487765017406,60.39706952807629,-18.75780812
Study 3,3,76,276,65.07448588866498,113.27411003351102,48.19962414484605
Study 3,3,77,277,53.52920014293075,37.72694921997573,-15.80225092
Study 3,3,78,278,76.66364955287196,226.66061663740027,149.9969670845283
Study 3,3,79,279,80.84187291824655,11.103718692318338,-69.73815423
Study 3,3,80,280,63.649938475005065,-39.08840676,-102.7383452
Study 3,3,81,281,64.07909247092844,140.6410070351948,76.56191456426636
Study 3,3,82,282,63.78471943719903,83.32779604448247,19.54307660728344
Study 3,3,83,283,75.93736926514816,75.84758817656385,-0.089781089
Study 3,3,84,284,62.30826645552462,99.23708419074731,36.928817735222694
Study 3,3,85,285,73.55870468977227,108.32066303122627,34.76195834
Study 3,3,86,286,84.63856798,76.99669322,-7.641874765
Study 3,3,87,287,52.24094682490041,59.418332057428636,7.177385232528221
Study 3,3,88,288,51.895974506944356,50.51831538661035,-1.37765912
Study 3,3,89,289,72.93746952910438,74.20549481606326,1.2680252869588937
Study 3,3,90,290,60.261498660742426,173.56460252060788,113.30310385986544
Study 3,3,91,291,66.70649773896025,8.174432685821358,-58.53206505
Study 3,3,92,292,62.96312345831348,126.14185987939612,63.17873642108263
Study 3,3,93,293,80.98909197866072,94.19830805,13.209216073261677
Study 3,3,94,294,78.60610068605868,112.29627021318191,33.69016952712324
Study 3,3,95,295,85.03843224773473,96.84421604811278,11.805783800378052
Study 3,3,96,296,74.79455724003424,30.438192170084235,-44.35636507
Study 3,3,97,297,60.540808445673015,-50.80918531,-111.3499938
Study 3,3,98,298,80.99486050830805,-34.90114265,-115.8960032
Study 3,3,99,299,75.89256790290916,161.60868012326313,85.71611222035398
Study 3,3,100,300,40.965289052128114,151.78690750606455,110.82161845393644
Study 4,4,1,301,69.02910695917593,78.02269078130143,8.993583822125505
Study 4,4,2,302,47.947543535146195,52.38649768048724,4.438954145341041
Study 4,4,3,303,66.09381882,89.13627551557104,23.042456698012053
Study 4,4,4,304,80.29578525908141,91.43349833127255,11.137713072191133
Study 4,4,5,305,66.49342597662462,145.22070790240093,78.72728193
Study 4,4,6,306,63.72994970341375,155.71580658753967,91.98585688412592
Study 4,4,7,307,56.257208428014174,64.74265837389305,8.485449946
Study 4,4,8,308,80.89773842220731,72.70427925244212,-8.19345917
Study 4,4,9,309,72.45611607745431,107.53321093971658,35.07709486226227
Study 4,4,10,310,48.16057493,-6.959809408,-55.12038434
Study 4,4,11,311,85.50370374989724,109.80172562119994,24.298021871302694
Study 4,4,12,312,69.96912704638686,18.45466748228744,-51.51445956
Study 4,4,13,313,60.67201912803282,98.92387368594785,38.25185455791504
Study 4,4,14,314,51.412463725370216,38.729185709969045,-12.68327802
Study 4,4,15,315,69.45481824584567,107.26544134652146,37.810623100675784
Study 4,4,16,316,65.46899973286962,45.4474473,-20.02155243
Study 4,4,17,317,82.76691634186929,86.22071246018452,3.4537961183152266
Study 4,4,18,318,68.46363533444486,155.3328590911516,86.86922375670672
Study 4,4,19,319,81.63094760616751,110.55294421982413,28.921996613656624
Study 4,4,20,320,83.39683045,86.96521199540419,3.5683815418852802
Study 4,4,21,321,75.17506237,80.39700669,5.2219443203022955
Study 4,4,22,322,65.38627037347827,77.43491579369274,12.048645420214465
Study 4,4,23,323,86.59995663566576,-26.05658266,-112.6565393
Study 4,4,24,324,62.16456948784764,94.43883455461352,32.27426506676588
Study 4,4,25,325,80.34853831,115.04794792695301,34.69940961917452
Study 4,4,26,326,74.17289814,140.8812428685235,66.70834473335128
Study 4,4,27,327,86.74794413115092,158.03248362384724,71.28453949269633
Study 4,4,28,328,71.47771506367606,-31.45514537,-102.9328604
Study 4,4,29,329,46.13047423103717,107.37155581742185,61.24108158638468
Study 4,4,30,330,74.47831711528607,102.18822662294392,27.709909507657848
Study 4,4,31,331,68.44218520625485,48.901898567584894,-19.54028664
Study 4,4,32,332,73.14246246,114.81549086634138,41.67302840906228
Study 4,4,33,333,73.79864938980425,158.07276949893685,84.27412010913261
Study 4,4,34,334,84.25310490258026,135.13620103931083,50.88309613673056
Study 4,4,35,335,79.04234113606856,116.65396280056501,37.61162166449646
Study 4,4,36,336,72.40744162555903,116.51432995962446,44.106888334065424
Study 4,4,37,337,81.41258050392113,63.92923958698955,-17.48334092
Study 4,4,38,338,73.70542492831562,141.50752930650413,67.80210438
Study 4,4,39,339,58.42405361,121.80571032141833,63.38165670901814
Study 4,4,40,340,86.14988718305291,51.51003136252124,-34.63985582
Study 4,4,41,341,56.896386550117555,18.815409804333804,-38.08097675
Study 4,4,42,342,65.68607770448642,66.97167392445185,1.2855962199654218
Study 4,4,43,343,78.00461359413016,-11.74855153,-89.75316512
Study 4,4,44,344,75.07059277,180.63481722470155,105.56422445367835
Study 4,4,45,345,65.98698266644946,61.04400212849474,-4.942980538
Study 4,4,46,346,74.55804535648642,21.285835564488032,-53.27220979
Study 4,4,47,347,57.92097065643088,27.558941066881168,-30.36202959
Study 4,4,48,348,68.90199402643668,35.77154911507393,-33.13044491
Study 4,4,49,349,80.55750930580723,98.00238016589428,17.444870860087054
Study 4,4,50,350,55.988482854581356,44.454909011371115,-11.53357384
Study 4,4,51,351,67.56252913303271,35.97718355800104,-31.58534558
Study 4,4,52,352,65.23399514677479,158.12426246415856,92.89026731738377
Study 4,4,53,353,75.46853322300296,-2.812516898,-78.28105012
Study 4,4,54,354,77.10079147325727,155.4072743942242,78.30648292096691
Study 4,4,55,355,75.26663533311779,193.70246471130883,118.43582937819106
Study 4,4,56,356,58.16729057,173.0975982028176,114.9303076302696
Study 4,4,57,357,64.61360896591904,-29.06065435,-93.67426331
Study 4,4,58,358,74.08467209221564,6.032984609343856,-68.05168748
Study 4,4,59,359,77.53555746635323,81.84425626,4.308698795240069
Study 4,4,60,360,75.64927979444131,122.35060780115862,46.70132800671731
Study 4,4,61,361,70.69530116710477,17.380542363403123,-53.3147588
Study 4,4,62,362,73.32942903,136.4402047255779,63.11077569683189
Study 4,4,63,363,47.255959995013185,37.09293127158418,-10.16302872
Study 4,4,64,364,55.39474349506918,119.03378756344627,63.63904406837709
Study 4,4,65,365,70.34450637278961,73.66985348251629,3.3253471097266774
Study 4,4,66,366,57.934878880773894,186.1895933505964,128.25471446982252
Study 4,4,67,367,68.04690414193736,54.82191511,-13.22498903
Study 4,4,68,368,67.50818863755772,76.13233527263205,8.624146635074329
Study 4,4,69,369,66.89094417253854,45.900566640513425,-20.99037753
Study 4,4,70,370,79.49857262339718,111.94211394333591,32.44354131993873
Study 4,4,71,371,74.44221469824485,156.7263191900782,82.28410449183335
Study 4,4,72,372,74.61975357316908,72.74713579088704,-1.872617782
Study 4,4,73,373,73.67360586660429,57.397100844146294,-16.27650502
Study 4,4,74,374,59.523090133282565,105.30413747067706,45.781047337394504
Study 4,4,75,375,88.68131164464002,126.55319036851311,37.871878723873095
Study 4,4,76,376,75.05071963941198,44.552794348611016,-30.49792529
Study 4,4,77,377,53.06799557470022,-16.05968175,-69.12767732
Study 4,4,78,378,68.36754068,84.40070213107687,16.033161452595568
Study 4,4,79,379,74.73713541154333,18.450920975609662,-56.28621444
Study 4,4,80,380,79.29595790709851,48.02697887054838,-31.26897904
Study 4,4,81,381,75.46416692397688,56.02882424984505,-19.43534267
Study 4,4,82,382,69.16622414186521,122.29369314446726,53.12746900260205
Study 4,4,83,383,66.84196618813365,54.78935346748622,-12.05261272
Study 4,4,84,384,81.87823169221724,85.70391842517762,3.8256867329603814
Study 4,4,85,385,73.35265554225627,38.11977750329901,-35.23287804
Study 4,4,86,386,65.58668021,42.13379903553063,-23.45288117
Study 4,4,87,387,68.99136175817151,172.24800135746318,103.25663959929167
Study 4,4,88,388,81.74793268530354,86.43784983734469,4.689917152041149
Study 4,4,89,389,74.19967809715253,8.817229157396298,-65.38244894
Study 4,4,90,390,71.35875218278909,78.03163630035385,6.672884117564756
Study 4,4,91,391,63.26294027482895,20.20517719712798,-43.05776308
Study 4,4,92,392,53.59646710958353,47.500899788996364,-6.095567321
Study 4,4,93,393,57.93100351,43.87870982278399,-14.05229369
Study 4,4,94,394,75.84278182760008,78.51086590168129,2.6680840740812117
Study 4,4,95,395,77.37385316894243,197.57139001263505,120.1975368436926
Study 4,4,96,396,60.874561380097816,138.5350776972734,77.66051631717559
Study 4,4,97,397,64.09097346897985,68.82113290355407,4.730159434574221
Study 4,4,98,398,57.362294391993586,102.52945540106575,45.16716100907216
Study 4,4,99,399,48.37400976351245,13.751521115239584,-34.62248865
Study 4,4,100,400,70.27586539384451,-25.07740726,-95.35327265
Study 5,5,1,401,58.36924052462224,33.31562844755534,-25.05361208
Study 5,5,2,402,92.05737828082749,98.63238155888932,6.575003278061829
Study 5,5,3,403,63.044043850754406,45.96318195562484,-17.0808619
Study 5,5,4,404,75.00455933,83.04178725838982,8.037227928965326
Study 5,5,5,405,76.15161528700052,154.6744823062766,78.52286701927606
Study 5,5,6,406,75.38681349222074,55.299423043051036,-20.08739045
Study 5,5,7,407,79.19885304203214,65.41138597302263,-13.78746707
Study 5,5,8,408,57.300570579743855,192.06821235051382,134.76764177076996
Study 5,5,9,409,72.51686421,-29.96125873,-102.4781229
Study 5,5,10,410,66.04105444312177,45.50213895243061,-20.53891549
Study 5,5,11,411,63.093409220210646,129.99045211506817,66.89704289485752
Study 5,5,12,412,71.76597206274037,58.37362536990331,-13.39234669
Study 5,5,13,413,57.89782139357225,45.987020719452445,-11.91080067
Study 5,5,14,414,63.056401426427634,-24.15780296,-87.21420439
Study 5,5,15,415,81.20846821644095,-15.69441499,-96.9028832
Study 5,5,16,416,57.18612900082901,142.94763052185405,85.76150152102504
Study 5,5,17,417,78.20887697135288,194.24565524467542,116.03677827332254
Study 5,5,18,418,75.42495256905812,110.24644565593522,34.82149309
Study 5,5,19,419,63.64027080889964,38.01498563795631,-25.62528517
Study 5,5,20,420,62.35353694455341,-12.26613207,-74.61966901
Study 5,5,21,421,88.95258071730296,95.11603599753519,6.163455280232229
Study 5,5,22,422,80.33085391605945,113.08050531758778,32.749651401528325
Study 5,5,23,423,86.13757636445808,-9.874305719,-96.01188208
Study 5,5,24,424,68.10219849864892,112.88076787994783,44.778569381298915
Study 5,5,25,425,57.51914266710296,47.34907915270593,-10.17006351
Study 5,5,26,426,63.32883191953174,164.67939566956585,101.35056375003411
Study 5,5,27,427,78.04371927424444,126.72634752454775,48.68262825030332
Study 5,5,28,428,62.69840023470829,123.02901411338958,60.33061387868129
Study 5,5,29,429,64.14694875677306,68.63870864782866,4.491759891055613
Study 5,5,30,430,72.58680451969472,55.52900027369094,-17.05780425
Study 5,5,31,431,69.89694092507862,35.76424880198095,-34.13269212
Study 5,5,32,432,77.32182054965403,174.47889445460905,97.15707390495501
Study 5,5,33,433,56.98106321907106,109.21056852657355,52.229505307502485
Study 5,5,34,434,51.46490015548848,70.56204947781387,19.09714932
Study 5,5,35,435,82.26167909282923,91.27839007513045,9.016710982301225
Study 5,5,36,436,59.106962,66.76054133553441,7.653579336549122
Study 5,5,37,437,69.78785251230562,147.78478662427955,77.99693411197393
Study 5,5,38,438,72.75145539,169.12651952957788,96.37506413645887
Study 5,5,39,439,55.93399388766329,164.18880032278918,108.2548064351259
Study 5,5,40,440,60.26784411695195,-26.26000832,-86.52785244
Study 5,5,41,441,64.24358845,95.02757329708948,30.783984851862066
Study 5,5,42,442,87.66103116696964,-0.062738582,-87.72376975
Study 5,5,43,443,82.47141851122964,90.23879589,7.767377377543452
Study 5,5,44,444,61.681854808490485,111.66470553546502,49.98285072697453
Study 5,5,45,445,70.85732688710569,71.62319673953637,0.7658698524306775
Study 5,5,46,446,56.48450223761954,65.16804143639493,8.683539199
Study 5,5,47,447,74.65562062209972,118.52343235435112,43.867811732251404
Study 5,5,48,448,79.47592027895666,174.92069804512954,95.44477776617288
Study 5,5,49,449,79.74816849275315,75.27125966293356,-4.47690883
Study 5,5,50,450,72.00515420436471,134.44231125346926,62.437157049104535
Study 5,5,51,451,65.48188572023106,17.23316072388497,-48.248725
Study 5,5,52,452,72.83130965735995,50.51242326583267,-22.31888639
Study 5,5,53,453,71.65900775,144.6858853015584,73.02687755383138
Study 5,5,54,454,80.95786655,140.2972733047941,59.339406758012494
Study 5,5,55,455,71.91297728547758,62.657385990237614,-9.255591295
Study 5,5,56,456,79.87504200156893,142.14616720945097,62.27112520788203
Study 5,5,57,457,70.52074155740833,44.18110621860593,-26.33963534
Study 5,5,58,458,64.50260206440804,39.73358863191412,-24.76901343
Study 5,5,59,459,77.98871178258794,162.47066297665276,84.48195119406483
Study 5,5,60,460,67.23398605107586,36.43947011237997,-30.79451594
Study 5,5,61,461,76.55979536456464,55.12459042113156,-21.43520494
Study 5,5,62,462,71.31606360791397,70.06451317257675,-1.251550435
Study 5,5,63,463,69.46927035531097,112.29874139283719,42.82947103752622
Study 5,5,64,464,67.58355476055323,96.67102044701001,29.08746568645678
Study 5,5,65,465,56.58489924773552,113.72440513832612,57.13950589
Study 5,5,66,466,68.04090303560356,115.52354642192921,47.48264338632564
Study 5,5,67,467,81.61473688749194,165.80576357650776,84.19102668901581
Study 5,5,68,468,60.05659400456383,36.679399118454626,-23.37719489
Study 5,5,69,469,61.30513829835648,65.67310371247537,4.3679654141188795
Study 5,5,70,470,72.68555740817224,64.04536737125737,-8.640190037
Study 5,5,71,471,71.64864,120.17596541877954,48.52732542216974
Study 5,5,72,472,57.63761549363326,16.443514370215162,-41.19410112
Study 5,5,73,473,54.93574525695149,83.56496944861021,28.629224191658718
Study 5,5,74,474,70.63481024411342,101.33484567796012,30.70003543384669
Study 5,5,75,475,74.41989175604279,72.88303656231972,-1.536855194
Study 5,5,76,476,82.78227817300231,-94.65689304,-177.4391712
Study 5,5,77,477,86.61529051802003,54.46478761220181,-32.15050291
Study 5,5,78,478,79.87962880841452,198.25226359046945,118.37263478205492
Study 5,5,79,479,51.91376340872969,90.37209823993588,38.45833483120619
Study 5,5,80,480,73.94439623815244,16.127645980946582,-57.81675026
Study 5,5,81,481,62.00181534930349,26.64624839,-35.35556696
Study 5,5,82,482,88.15948270594944,40.57238021667192,-47.58710249
Study 5,5,83,483,44.33143000238004,-46.07632499,-90.40775499
Study 5,5,84,484,83.35723007769619,159.40493515351415,76.04770507581797
Study 5,5,85,485,75.34033757142147,90.97362961960755,15.633292048186078
Study 5,5,86,486,66.33228394637234,89.08047384820559,22.74818990183324
Study 5,5,87,487,82.76011206800574,96.61800625653248,13.857894188526746
Study 5,5,88,488,67.93168718947581,62.979231374191436,-4.952455815
Study 5,5,89,489,74.66919573676866,51.7050908,-22.96410494
Study 5,5,90,490,77.99903915857254,112.18202833213715,34.182989173564614
Study 5,5,91,491,75.35281175,28.191686374068773,-47.16112538
Study 5,5,92,492,48.39474397222167,96.62742117999886,48.23267721
Study 5,5,93,493,77.03153132617877,-30.03047918,-107.0620105
Study 5,5,94,494,66.41012226575391,36.080701018281566,-30.32942125
Study 5,5,95,495,76.51406387279926,147.61902047024256,71.10495659744332
Study 5,5,96,496,83.52062390854483,58.84877403077922,-24.67184988
Study 5,5,97,497,78.10100104411868,120.72718058991214,42.62617954579347
Study 5,5,98,498,86.02829579721731,89.02905346678993,3.0007576695726152
Study 5,5,99,499,57.22225440175703,84.30966592143119,27.087411519674163
Study 5,5,100,500,62.652311270316616,83.59608779674677,20.943776526430156
Study 6,6,1,501,78.39835970977201,179.64782739962402,101.2494677
Study 6,6,2,502,76.77893572371639,-44.22475291,-121.0036886
Study 6,6,3,503,66.09254185906089,146.66006955869312,80.56752769963225
Study 6,6,4,504,63.68934227631892,209.1878487947083,145.49850651838938
Study 6,6,5,505,71.21440791827379,135.62665629262582,64.41224837435203
Study 6,6,6,506,79.36695593225446,201.00083808050778,121.6338821482533
Study 6,6,7,507,77.64696325776895,65.76959557563126,-11.87736768
Study 6,6,8,508,46.81918578707344,-60.28020433,-107.0993901
Study 6,6,9,509,73.44607019979183,66.44512666,-7.000943543
Study 6,6,10,510,73.06277814619176,192.2360668551595,119.17328870896773
Study 6,6,11,511,66.88407329627331,183.85510942116406,116.97103612489073
Study 6,6,12,512,73.25945229225246,69.21127125624594,-4.048181036
Study 6,6,13,513,50.30240550136663,-40.77992078,-91.08232629
Study 6,6,14,514,57.97463738684749,160.70348290002778,102.7288455131803
Study 6,6,15,515,70.91620069095205,39.71184717122093,-31.20435352
Study 6,6,16,516,77.23576119662661,110.86950375992645,33.63374256329983
Study 6,6,17,517,53.424780108509516,45.12751968768676,-8.297260421
Study 6,6,18,518,52.94641209024062,79.19710252143334,26.250690431192716
Study 6,6,19,519,84.21155646,150.2667334366546,66.05517697261911
Study 6,6,20,520,75.02425544770566,55.11300285757609,-19.91125259
Study 6,6,21,521,56.82489742173914,66.60950561529687,9.784608193557725
Study 6,6,22,522,78.97447573000672,69.37198357797507,-9.602492152
Study 6,6,23,523,63.59478511688102,176.87904286903222,113.28425775215119
Study 6,6,24,524,57.57292073330729,-81.42619529,-138.999116
Study 6,6,25,525,54.76828379110094,74.09187929110522,19.323595500004274
Study 6,6,26,526,94.05572264058996,108.61705027286246,14.56132763227249
Study 6,6,27,527,78.98956234572242,82.25270733894075,3.263144993218326
Study 6,6,28,528,67.84207912525693,127.65414020016803,59.81206107491111
Study 6,6,29,529,61.39100279,33.40806496373358,-27.98293783
Study 6,6,30,530,61.58076027866025,45.30416928457493,-16.27659099
Study 6,6,31,531,62.860526328157434,30.09939535530937,-32.76113097
Study 6,6,32,532,68.2104334,23.259539750141627,-44.95089365
Study 6,6,33,533,71.18435432820665,63.86615256827097,-7.31820176
Study 6,6,34,534,78.14491500775725,85.22132071202762,7.076405704270373
Study 6,6,35,535,83.23739905995103,163.26474941214377,80.02735035219273
Study 6,6,36,536,58.63019388820179,14.998195411873503,-43.63199848
Study 6,6,37,537,69.22881685889617,72.25029819359604,3.0214813346998657
Study 6,6,38,538,71.88679998344914,92.28661076564194,20.39981078219281
Study 6,6,39,539,87.02962470194893,38.36974164242531,-48.65988306
Study 6,6,40,540,49.754287753440224,64.02328572722422,14.26899797
Study 6,6,41,541,59.412050604594185,74.96958979750868,15.557539192914485
Study 6,6,42,542,92.82658673344046,128.86467783845927,36.03809110501881
Study 6,6,43,543,90.78540095,114.66993362892943,23.884532682784027
Study 6,6,44,544,84.32957271432564,145.93655810411946,61.60698538979382
Study 6,6,45,545,70.89340677900174,75.34701293,4.453606149395562
Study 6,6,46,546,59.454237413666036,99.60613001680137,40.15189260313534
Study 6,6,47,547,56.219367558500615,140.02830224866292,83.80893469
Study 6,6,48,548,78.78395563601586,78.58965250430134,-0.194303132
Study 6,6,49,549,62.93051109367451,131.33242250736956,68.40191141369505
Study 6,6,50,550,65.49013707703922,2.0397169777115067,-63.4504201
Study 6,6,51,551,60.08538746790268,69.95644022,9.871052756617512
Study 6,6,52,552,70.05161523459145,55.16874485344084,-14.88287038
Study 6,6,53,553,68.84359631977057,110.18809254475318,41.34449622
Study 6,6,54,554,66.61468711361859,1.6057460334384501,-65.00894108
Study 6,6,55,555,58.13930001837562,63.25326486457754,5.113964846201914
Study 6,6,56,556,68.81352994326556,195.33669010721616,126.52316016395058
Study 6,6,57,557,90.22946906,237.71615906847683,147.48669000580242
Study 6,6,58,558,64.78395082440008,171.05914873327498,106.2751979088749
Study 6,6,59,559,79.12844643241598,83.54424228753085,4.415795855114863
Study 6,6,60,560,82.16168117464997,68.55280713918201,-13.60887404
Study 6,6,61,561,69.29845142080886,225.4627583259072,156.16430690509833
Study 6,6,62,562,93.75550929583484,86.34653169034894,-7.408977605
Study 6,6,63,563,68.17919493204528,62.62401486067898,-5.555180071
Study 6,6,64,564,72.44045751590262,76.84702851798515,4.406571002082523
Study 6,6,65,565,65.24393180870939,133.32073492449365,68.07680311578426
Study 6,6,66,566,95,195.53205153290224,100.53205153290226
Study 6,6,67,567,78.29302855727175,69.65813812490924,-8.634890432
Study 6,6,68,568,59.50558516,105.24673755813383,45.74115239314783
Study 6,6,69,569,61.755703955700795,135.3865064147867,73.63080245908593
Study 6,6,70,570,78.03534334643773,185.47133508708777,107.43599174065005
Study 6,6,71,571,51.02130921096794,109.06143618991206,58.04012697894412
Study 6,6,72,572,55.55875182385542,65.23663179,9.677879962
Study 6,6,73,573,77.27275260759419,65.30128194273303,-11.97147066
Study 6,6,74,574,80.4196773,62.952637313760334,-17.46703998
Study 6,6,75,575,61.84337746484294,181.56423311373388,119.72085564889093
Study 6,6,76,576,72.47268688774341,7.225156405237385,-65.24753048
Study 6,6,77,577,82.64931351387104,46.44550241366855,-36.2038111
Study 6,6,78,578,75.33434465387946,57.556537407614485,-17.77780725
Study 6,6,79,579,72.17241571876986,101.41208007225976,29.239664353489893
Study 6,6,80,580,79.4763701,-61.57512877,-141.0514989
Study 6,6,81,581,62.830775252241224,53.14370658508986,-9.687068667
Study 6,6,82,582,86.53025106420685,176.74671208716745,90.21646102296059
Study 6,6,83,583,57.71869543581932,146.32281101974525,88.60411558392592
Study 6,6,84,584,59.73302973,111.73481410957655,52.00178437925824
Study 6,6,85,585,83.91340715914785,52.77364388498213,-31.13976327
Study 6,6,86,586,68.57774677874139,34.992916043985666,-33.58483073
Study 6,6,87,587,72.23104294540153,0.7785097204698133,-71.45253322
Study 6,6,88,588,58.654202525143916,-81.35693918,-140.0111417
Study 6,6,89,589,75.00135377672137,41.655460460647284,-33.34589332
Study 6,6,90,590,65.15971341239738,43.99746065877727,-21.16225275
Study 6,6,91,591,66.71085619,-19.09781246,-85.80866865
Study 6,6,92,592,72.88776039595598,22.47533201272322,-50.41242838
Study 6,6,93,593,66.05543088031314,4.413273212580506,-61.64215767
Study 6,6,94,594,71.61957593482634,101.76164732400626,30.142071389179918
Study 6,6,95,595,66.52872792087815,12.301860557380465,-54.22686736
Study 6,6,96,596,79.12302199986836,74.86793802973537,-4.25508397
Study 6,6,97,597,56.63412228514237,23.27758004724585,-33.35654224
Study 6,6,98,598,64.24413333975355,78.83510202,14.590968678716255
Study 6,6,99,599,64.74309436239253,-3.194734447,-67.93782881
Study 6,6,100,600,72.66628100389227,64.70805352972255,-7.958227474
Study 7,7,1,601,89.92259986782187,33.30180721,-56.62079266
Study 7,7,2,602,65.00574725600595,-3.663744392,-68.66949165
Study 7,7,3,603,67.93846070623194,84.58092299445417,16.64246228822224
Study 7,7,4,604,68.60559149356844,126.80483789590183,58.19924640233339
Study 7,7,5,605,53.41873788716978,94.68984517666811,41.271107289498325
Study 7,7,6,606,84.50326614663047,108.7718144351411,24.268548288510637
Study 7,7,7,607,64.81297357,-5.186902789,-69.99987636
Study 7,7,8,608,72.09403623008151,164.67939168966961,92.58535545958811
Study 7,7,9,609,68.02165240678217,-43.36319859,-111.384851
Study 7,7,10,610,47.816784930657505,14.064848235732136,-33.75193669
Study 7,7,11,611,65.78444999055996,38.426696104875866,-27.35775389
Study 7,7,12,612,56.07059925345368,185.25236539023186,129.18176613677818
Study 7,7,13,613,69.60330895189311,114.65059964724828,45.04729069535517
Study 7,7,14,614,64.61271504989074,101.4390135817132,36.82629853182246
Study 7,7,15,615,87.00678747150673,212.81066647498938,125.80387900348266
Study 7,7,16,616,55.137380815390316,153.08349297467151,97.94611215928121
Study 7,7,17,617,89.49836735129398,140.29571816158477,50.797350810290794
Study 7,7,18,618,71.77888637,29.62683226908336,-42.1520541
Study 7,7,19,619,85.30808594811408,130.11715380794467,44.80906786
Study 7,7,20,620,89.79933416336155,-5.268749066,-95.06808323
Study 7,7,21,621,71.03386587268879,74.71025429776293,3.676388425074137
Study 7,7,22,622,81.82010205387712,85.09370204877037,3.2735999948932406
Study 7,7,23,623,54.83328649758266,-37.13330311,-91.96658961
Study 7,7,24,624,68.01528927382442,62.15165992485501,-5.863629349
Study 7,7,25,625,67.71705784405314,10.736550756657408,-56.98050709
Study 7,7,26,626,72.21816112070786,72.75687962,0.538718501
Study 7,7,27,627,74.04839005,84.07141324030938,10.02302318579679
Study 7,7,28,628,64.34354661610573,21.49520381168292,-42.8483428
Study 7,7,29,629,87.82713772846019,42.20111661064468,-45.62602112
Study 7,7,30,630,65.53524667349147,110.05441522289075,44.51916854939929
Study 7,7,31,631,80.73527507,60.95192717224148,-19.7833479
Study 7,7,32,632,68.17188481659116,119.52123019443145,51.349345377840294
Study 7,7,33,633,63.87098954,78.54149866,14.670509118205201
Study 7,7,34,634,61.41521730969339,217.9264276745882,156.51121036489482
Study 7,7,35,635,71.71362477,-44.77796603,-116.4915908
Study 7,7,36,636,84.96932559539701,49.059218346100195,-35.91010725
Study 7,7,37,637,78.61402911732402,91.54272458283245,12.92869546550843
Study 7,7,38,638,68.67782244857511,-31.02765948,-99.70548193
Study 7,7,39,639,68.88262251481036,74.25718967878562,5.374567163975254
Study 7,7,40,640,86.22965081103128,200.9143586203835,114.6847078093522
Study 7,7,41,641,61.36929315140046,227.65862917792478,166.28933602652432
Study 7,7,42,642,57.36936782106944,34.10149244384895,-23.26787538
Study 7,7,43,643,49.823202661067235,62.53623686788019,12.713034206812958
Study 7,7,44,644,61.245236291838204,84.74829437903747,23.503058087199275
Study 7,7,45,645,77.83988748962214,146.4805934971098,68.64070600748767
Study 7,7,46,646,75.31113174522177,70.03806069867464,-5.273071047
Study 7,7,47,647,74.26312954323924,-9.529737367,-83.79286691
Study 7,7,48,648,58.66543083826443,112.90002038024602,54.234589541981585
Study 7,7,49,649,63.86265572440801,113.91066648372211,50.048010759314096
Study 7,7,50,650,73.58203013361071,81.58068649205157,7.998656358440854
Study 7,7,51,651,56.67868343052403,15.428446041879823,-41.25023739
Study 7,7,52,652,89.57130447823545,186.6430517575447,97.07174727930924
Study 7,7,53,653,67.47282873632766,-22.22552308,-89.69835182
Study 7,7,54,654,90.88037231,197.95811387715418,107.07774156312637
Study 7,7,55,655,78.05801168784699,95.56408811331973,17.506076425472745
Study 7,7,56,656,76.06529595004781,113.63115906601077,37.565863115962955
Study 7,7,57,657,68.25478297586497,94.89203657994011,26.637253604075145
Study 7,7,58,658,82.27134909730856,58.42873887,-23.84261023
Study 7,7,59,659,79.78401401,141.59763267649384,61.81361866638675
Study 7,7,60,660,64.50050907549794,35.84763799721509,-28.65287108
Study 7,7,61,661,74.7899552,86.33419269516308,11.544237497050384
Study 7,7,62,662,66.74487429798442,145.29352598485184,78.54865168686742
Study 7,7,63,663,57.37221285040768,85.89286073649801,28.52064788609033
Study 7,7,64,664,73.71318069120025,187.4095875135692,113.69640682236893
Study 7,7,65,665,67.63940661381459,157.72344705873934,90.08404044492475
Study 7,7,66,666,58.40409534900894,37.80278833725254,-20.60130701
Study 7,7,67,667,72.10583208,90.59786072996116,18.492028654001658
Study 7,7,68,668,68.77817289092238,105.3245274609128,36.54635456999042
Study 7,7,69,669,69.12291871389003,89.53087365380557,20.40795493991554
Study 7,7,70,670,62.102112628686356,8.714390604407143,-53.38772202
Study 7,7,71,671,73.49279696474603,42.550583059529544,-30.94221391
Study 7,7,72,672,71.60478796794418,-4.147205341,-75.75199331
Study 7,7,73,673,62.47845614274027,40.23177029735524,-22.24668585
Study 7,7,74,674,63.37935882119716,91.59407535394088,28.214716532743722
Study 7,7,75,675,69.93120407,36.12425190693017,-33.80695216
Study 7,7,76,676,62.64596117777259,57.428906993953305,-5.217054184
Study 7,7,77,677,73.96824513272466,101.06755171898175,27.09930658625708
Study 7,7,78,678,84.23299354702277,237.53973650743978,153.306743
Study 7,7,79,679,66.06683108916236,88.07983959887152,22.01300850970915
Study 7,7,80,680,70.79386267401132,96.29126811,25.497405436472775
Study 7,7,81,681,78.89861465110585,29.564663678710247,-49.33395097
Study 7,7,82,682,71.30593779830302,215.10608946340187,143.80015166509887
Study 7,7,83,683,74.68814607526946,92.69365157066834,18.00550549539888
Study 7,7,84,684,77.36916100578367,52.72624901274043,-24.64291199
Study 7,7,85,685,64.05041779,154.6323246418018,90.58190685
Study 7,7,86,686,64.60803222592335,146.26140047776596,81.65336825
Study 7,7,87,687,90.51464925864992,87.32390430748862,-3.190744951
Study 7,7,88,688,54.84725250672179,68.16658707583284,13.319334569111042
Study 7,7,89,689,63.13986115463057,54.38795900466691,-8.75190215
Study 7,7,90,690,84.68493136348295,80.14230739575109,-4.542623968
Study 7,7,91,691,62.74850059562378,31.209450010495438,-31.53905059
Study 7,7,92,692,45.292679765446465,48.12644720745014,2.833767442
Study 7,7,93,693,62.88644987434039,-63.19163972,-126.0780896
Study 7,7,94,694,65.40653227,111.28774603057443,45.881213755687924
Study 7,7,95,695,64.17484691,44.80924975844876,-19.36559715
Study 7,7,96,696,67.74533523437819,193.37818980192958,125.63285456755139
Study 7,7,97,697,62.73006765323272,30.740432469412475,-31.98963518
Study 7,7,98,698,84.48220056906968,109.74054018604485,25.25833961697517
Study 7,7,99,699,87.65561742844835,207.67115904602267,120.01554161757431
Study 7,7,100,700,72.89233039399203,97.25750977516515,24.365179381173128
Study 8,8,1,701,59.036106618052244,62.747644003089896,3.711537385037653
Study 8,8,2,702,76.06522357550071,47.87984693003722,-28.18537665
Study 8,8,3,703,45.704821523245286,201.73567944338538,156.0308579201401
Study 8,8,4,704,79.97896516176483,199.92996985947184,119.95100469770699
Study 8,8,5,705,64.37701126104744,-41.98635238,-106.3633636
Study 8,8,6,706,65.99062759428314,147.75554917281818,81.76492157853505
Study 8,8,7,707,35.31630285119217,37.901990848685536,2.585687997493368
Study 8,8,8,708,66.11818925797469,76.37248960748717,10.25430034951248
Study 8,8,9,709,58.869270370511714,101.2950207068971,42.42575033638539
Study 8,8,10,710,77.59002850711964,18.208068531855545,-59.38195998
Study 8,8,11,711,67.58668586993663,15.00951630422545,-52.57716957
Study 8,8,12,712,76.87420928321336,59.309364023198775,-17.56484526
Study 8,8,13,713,71.54529286998935,46.686191588927585,-24.85910128
Study 8,8,14,714,74.71249216,-2.318323159,-77.03081532
Study 8,8,15,715,56.78368473372487,139.30280774370328,82.51912301
Study 8,8,16,716,57.40783580309435,77.41336495,20.005529151630945
Study 8,8,17,717,80.11995248997377,125.82652811859359,45.70657562861981
Study 8,8,18,718,85.19557963813077,177.0290553385335,91.83347570040276
Study 8,8,19,719,72.85801182,112.58086094076623,39.72284911811902
Study 8,8,20,720,78.04100716472702,28.393407731406697,-49.64759943
Study 8,8,21,721,61.12721485820254,53.04543652237721,-8.081778336
Study 8,8,22,722,59.75428450421276,156.6393135520276,96.88502904781484
Study 8,8,23,723,80.10895451642752,103.95314384384979,23.84418932742227
Study 8,8,24,724,61.745441609352085,-3.836946278,-65.58238789
Study 8,8,25,725,89.81013097495386,50.25514075335851,-39.55499022
Study 8,8,26,726,78.82332138070163,20.36455470296758,-58.45876668
Study 8,8,27,727,59.48529450676729,109.7708575899011,50.28556308313381
Study 8,8,28,728,66.16558938756627,37.008725343032545,-29.15686404
Study 8,8,29,729,81.33590971,99.6350065,18.299096787288498
Study 8,8,30,730,76.80198953460528,51.04840386831756,-25.75358567
Study 8,8,31,731,82.08924725040234,140.4449743938732,58.35572714347086
Study 8,8,32,732,79.75340763850463,32.73256064694433,-47.02084699
Study 8,8,33,733,72.36400499714522,142.5472892773864,70.18328428024118
Study 8,8,34,734,64.72632253,11.54954222496707,-53.1767803
Study 8,8,35,735,58.54067400799819,188.87144998483626,130.33077597683808
Study 8,8,36,736,63.616313542570836,42.92718873610029,-20.68912481
Study 8,8,37,737,58.84245249838649,94.59060530315108,35.74815280476458
Study 8,8,38,738,58.03462151286675,-3.09868355,-61.13330506
Study 8,8,39,739,80.34399688739028,57.46339292818336,-22.88060396
Study 8,8,40,740,69.63262373,43.105210577454216,-26.52741315
Study 8,8,41,741,73.19805154413802,121.94876138281145,48.75070983867343
Study 8,8,42,742,77.29353007489703,141.23190279269224,63.93837272
Study 8,8,43,743,72.84013675096013,48.07236070534524,-24.76777605
Study 8,8,44,744,93.87811225736081,89.72112975752768,-4.1569825
Study 8,8,45,745,48.72666417077407,65.41384660264872,16.687182431874646
Study 8,8,46,746,58.48033599737196,99.33045423123852,40.85011823386655
Study 8,8,47,747,62.606527962445284,101.80552604692188,39.19899808
Study 8,8,48,748,60.46073625260684,24.631732324021755,-35.82900393
Study 8,8,49,749,72.70211421137246,37.28669190331266,-35.41542231
Study 8,8,50,750,67.94760282262276,15.961036462385287,-51.98656636
Study 8,8,51,751,46.89001733780577,4.8460915469930015,-42.04392579
Study 8,8,52,752,83.74972372152766,75.3370213,-8.412702423
Study 8,8,53,753,70.54649089164403,67.06883673453964,-3.477654157
Study 8,8,54,754,82.19387555323661,180.5688393742402,98.37496382100359
Study 8,8,55,755,67.87575931018517,63.522882677584036,-4.352876633
Study 8,8,56,756,69.09061556814666,30.30078401018691,-38.78983156
Study 8,8,57,757,60.790878811503624,6.567332296110926,-54.22354652
Study 8,8,58,758,68.13051080526654,134.48627114550675,66.35576034024022
Study 8,8,59,759,75.53445678321886,64.33471154848891,-11.19974523
Study 8,8,60,760,60.71357969851725,38.358905501465706,-22.3546742
Study 8,8,61,761,60.87533339564909,46.60980174523837,-14.26553165
Study 8,8,62,762,60.722305861415464,39.156592524588916,-21.56571334
Study 8,8,63,763,69.93843094637062,95.03799421837071,25.099563272000097
Study 8,8,64,764,73.74510051199749,86.55472942,12.80962890446101
Study 8,8,65,765,65.91309717170695,108.11470176072545,42.20160459
Study 8,8,66,766,79.35330573232277,-14.14105802,-93.49436376
Study 8,8,67,767,61.087642465485544,121.43053542063234,60.34289295514679
Study 8,8,68,768,73.97727618651754,20.941249140716266,-53.03602705
Study 8,8,69,769,81.42162333380338,127.12468580027227,45.70306246646889
Study 8,8,70,770,66.08295560778069,153.5289079731973,87.44595236541663
Study 8,8,71,771,66.02524371290195,47.84660362096999,-18.17864009
Study 8,8,72,772,73.47124862189395,75.96866485420904,2.4974162323150946
Study 8,8,73,773,63.57890843941482,20.273306618045467,-43.30560182
Study 8,8,74,774,75.75756570581892,82.37434403621845,6.616778330399528
Study 8,8,75,775,63.76080515589789,83.71189602318039,19.951090867282492
Study 8,8,76,776,65.61231273418065,30.305919398465875,-35.30639334
Study 8,8,77,777,58.45921018323189,133.54842056598628,75.08921038275439
Study 8,8,78,778,69.38697651777804,149.36785448030867,79.98087796253064
Study 8,8,79,779,47.92660629810878,125.59298566986796,77.66637937175918
Study 8,8,80,780,71.50615633901657,23.15492137283575,-48.35123497
Study 8,8,81,781,77.44334650104236,13.397944377186832,-64.04540212
Study 8,8,82,782,62.10994629000422,104.08059704930005,41.970650759295836
Study 8,8,83,783,84.36909191728353,126.83852363003228,42.46943171274876
Study 8,8,84,784,73.80028745913305,-17.55613493,-91.35642239
Study 8,8,85,785,81.40823420528258,125.82917315030028,44.42093895
Study 8,8,86,786,72.48058847993865,73.51474577468338,1.0341572947447286
Study 8,8,87,787,73.77304726488637,129.75115214615008,55.97810488
Study 8,8,88,788,81.70597138,163.18453312691298,81.47856174353046
Study 8,8,89,789,60.149197980419935,53.84914437402568,-6.300053606
Study 8,8,90,790,75.05995718404176,182.5415387714097,107.48158158736793
Study 8,8,91,791,69.75437263410467,73.24179004116893,3.4874174070642576
Study 8,8,92,792,73.4421068,167.9291840165508,94.48707721525581
Study 8,8,93,793,72.13769936525514,39.81747242868998,-32.32022694
Study 8,8,94,794,77.38571704469675,197.8592021655814,120.47348512088466
Study 8,8,95,795,48.674717624656665,57.525125698378275,8.850408073721606
Study 8,8,96,796,76.44522223150759,44.51201045802272,-31.93321177
Study 8,8,97,797,76.97386651795374,126.86972584720083,49.89585932924709
Study 8,8,98,798,76.05794172248422,116.15465334635022,40.09671162386601
Study 8,8,99,799,67.31743282009309,74.74998643949878,7.432553619
Study 8,8,100,800,78.26181079175115,152.79708570121022,74.53527490945908
Study 9,9,1,801,75.16690963894536,123.76822830748564,48.60131866854029
Study 9,9,2,802,84.20078648687814,156.4654321,72.26464561039884
Study 9,9,3,803,74.33174995893764,122.25066120795125,47.91891124901361
Study 9,9,4,804,76.82607737,85.06073301640104,8.234655641
Study 9,9,5,805,91.24833514515873,137.57542364704366,46.32708850188493
Study 9,9,6,806,75.19844441689752,145.46173284267462,70.26328843
Study 9,9,7,807,68.98876657712141,120.1655971567728,51.17683057965139
Study 9,9,8,808,82.34678342616644,213.91286744309537,131.56608401692893
Study 9,9,9,809,65.28886802704838,57.70184358107073,-7.587024446
Study 9,9,10,810,93.85007898452852,98.58577928,4.7357002952640785
Study 9,9,11,811,52.365557246965885,111.9120272430845,59.54646999611861
Study 9,9,12,812,57.398511659650424,103.09002491597565,45.691513256325216
Study 9,9,13,813,82.84827134,89.69134423,6.843072883113406
Study 9,9,14,814,59.59046376,51.17072196905846,-8.419741789
Study 9,9,15,815,78.04131668911036,95.19142593,17.150109237598052
Study 9,9,16,816,84.10425353,91.92444596071225,7.820192430065941
Study 9,9,17,817,53.82125159405433,78.50952999566752,24.688278401613193
Study 9,9,18,818,67.56917655,-4.048009318,-71.61718587
Study 9,9,19,819,73.53341897,98.34141478532933,24.807995819806237
Study 9,9,20,820,71.78764718697646,16.32638786030357,-55.46125933
Study 9,9,21,821,76.64203693229979,78.33936036589594,1.6973234335961607
Study 9,9,22,822,71.17273529,93.82332172712701,22.650586441810404
Study 9,9,23,823,68.55168958059548,37.08975281909677,-31.46193676
Study 9,9,24,824,55.059766566135565,40.43360479564482,-14.62616177
Study 9,9,25,825,66.52435289750748,31.156658108066317,-35.36769479
Study 9,9,26,826,75.58827428550532,128.30513827116766,52.71686398566234
Study 9,9,27,827,64.26992910759594,28.95453271516884,-35.31539639
Study 9,9,28,828,57.80471850588329,135.52197125325574,77.71725274737247
Study 9,9,29,829,67.73290467,87.70041624636436,19.967511573397456
Study 9,9,30,830,56.55047695029127,149.00090031650524,92.45042336621395
Study 9,9,31,831,72.86560604558399,26.312356355641768,-46.55324969
Study 9,9,32,832,72.95452238630907,113.15114077706633,40.196618390757266
Study 9,9,33,833,72.76370695801285,66.52998818672049,-6.233718771
Study 9,9,34,834,85.00122465259565,51.877797264883185,-33.12342739
Study 9,9,35,835,77.56950504361131,143.27693167391462,65.70742663
Study 9,9,36,836,56.03213405213771,72.97307596291567,16.940941910777966
Study 9,9,37,837,69.01389843865189,14.860023967068301,-54.15387447
Study 9,9,38,838,81.04196634382376,120.6713148,39.629348445990246
Study 9,9,39,839,74.61052769363239,114.22281904582138,39.61229135218899
Study 9,9,40,840,65.20317780030442,1.709587992651521,-63.49358981
Study 9,9,41,841,68.41931330583327,117.11948474069956,48.700171434866284
Study 9,9,42,842,73.19476205206986,139.12792699303063,65.93316494096076
Study 9,9,43,843,67.15563816407206,8.791611449813786,-58.36402671
Study 9,9,44,844,62.213542596359275,-22.68045476,-84.89399736
Study 9,9,45,845,56.49713033,77.89370031866792,21.39656999193613
Study 9,9,46,846,65.33772753,37.55320337449891,-27.78452416
Study 9,9,47,847,74.06508342801136,101.11298059342889,27.04789716541752
Study 9,9,48,848,73.34713621514224,24.18368956389105,-49.16344665
Study 9,9,49,849,66.85124540868249,-0.143257616,-66.99450302
Study 9,9,50,850,62.139236222921475,87.02939936256652,24.890163139645047
Study 9,9,51,851,82.12735009956405,33.420262930103284,-48.70708717
Study 9,9,52,852,66.79307789140131,1.215941893177586,-65.577136
Study 9,9,53,853,69.84851242,70.42610692409545,0.5775945079477545
Study 9,9,54,854,67.71714549650733,82.39826609592603,14.681120599418705
Study 9,9,55,855,56.41673370882104,-3.53925366,-59.95598737
Study 9,9,56,856,79.33672297543258,33.254673230037895,-46.08204975
Study 9,9,57,857,76.61307429176223,134.88859198633511,58.27551769457289
Study 9,9,58,858,49.585869219182605,73.52812302499964,23.94225380581703
Study 9,9,59,859,69.17007937772937,100.57166808043198,31.401588702702607
Study 9,9,60,860,63.09859899657937,4.381772836418307,-58.71682616
Study 9,9,61,861,66.17157303820002,102.21087329764757,36.03930025944755
Study 9,9,62,862,65.53795125747105,63.777122101550496,-1.760829156
Study 9,9,63,863,79.57935412,205.34433215281598,125.76497803419599
Study 9,9,64,864,70.14428074863216,32.788784444627275,-37.3554963
Study 9,9,65,865,75.98056145771679,42.76972899580989,-33.21083246
Study 9,9,66,866,57.07448122832718,46.025854168399036,-11.04862706
Study 9,9,67,867,62.40706754238568,115.3017903272465,52.894722784860804
Study 9,9,68,868,61.799520657668694,83.95836795,22.15884729694001
Study 9,9,69,869,69.17344014433549,-77.78312361,-146.9565638
Study 9,9,70,870,61.44507668349376,74.46735314654214,13.022276463048376
Study 9,9,71,871,75.67801746971645,87.57619925027561,11.898181780559153
Study 9,9,72,872,74.27307825903414,48.554956829875806,-25.71812143
Study 9,9,73,873,59.99165319975664,98.80401248229963,38.812359282542985
Study 9,9,74,874,75.94320559845035,83.43498666988758,7.491781071437229
Study 9,9,75,875,60.03417874041265,117.61857648303021,57.58439774261757
Study 9,9,76,876,58.00766840426194,180.73990534617306,122.73223694191113
Study 9,9,77,877,74.90893129020088,134.43743429908818,59.528503008887306
Study 9,9,78,878,58.77691428977553,47.97420443885792,-10.80270985
Study 9,9,79,879,95,27.06641715356558,-67.93358285
Study 9,9,80,880,90.44478752709371,59.71024778,-30.73453975
Study 9,9,81,881,60.985242777494086,52.088695730236495,-8.896547047
Study 9,9,82,882,69.81066823241048,39.85807557200681,-29.95259266
Study 9,9,83,883,64.48894886311717,13.900897940889827,-50.58805092
Study 9,9,84,884,78.27003216751334,180.5278106523882,102.25777848487488
Study 9,9,85,885,68.16758653,165.63723463059605,97.46964809959225
Study 9,9,86,886,65.62187078565859,-2.215067503,-67.83693829
Study 9,9,87,887,60.99912760181337,51.127393082631116,-9.871734519
Study 9,9,88,888,60.170516595016544,67.25800741761125,7.087490822594706
Study 9,9,89,889,89.29924764398277,113.64077282017404,24.341525176191272
Study 9,9,90,890,85.41883426089963,141.1635385739035,55.74470431300389
Study 9,9,91,891,62.342216304794974,-1.486929689,-63.82914599
Study 9,9,92,892,77.63540790309044,158.22011405654723,80.58470615
Study 9,9,93,893,72.85576976988078,47.78630439884734,-25.06946537
Study 9,9,94,894,51.12433308,92.11173201,40.98739894
Study 9,9,95,895,80.96016760318436,167.2371923158936,86.27702471270923
Study 9,9,96,896,59.25219063050775,45.25809466381046,-13.99409597
Study 9,9,97,897,79.79989225468394,183.4469353,103.64704304087005
Study 9,9,98,898,62.45191715915422,121.1283476,58.676430441136766
Study 9,9,99,899,69.28400722,77.88351074,8.599503511996897
Study 9,9,100,900,71.04660217617352,118.89069755168993,47.84409538
Study 10,10,1,901,64.28632757,-177.9375686,-242.2238962
Study 10,10,2,902,61.68125122533677,166.33471090955186,104.6534596842151
Study 10,10,3,903,65.57390651592307,51.80303707261825,-13.77086944
Study 10,10,4,904,82.3405266,-65.51573202,-147.8562586
Study 10,10,5,905,52.95245516231367,160.07418541369447,107.12173025138081
Study 10,10,6,906,57.53932815032453,-154.0482628,-211.5875909
Study 10,10,7,907,78.99201905525761,169.29430704339035,90.30228798813273
Study 10,10,8,908,71.54470267511503,301.3235735025764,229.77887082746133
Study 10,10,9,909,68.93439277,-84.10701538,-153.0414081
Study 10,10,10,910,78.75910572408094,132.88027660609083,54.121170882009885
Study 10,10,11,911,87.69140289086576,69.89278320576207,-17.79861969
Study 10,10,12,912,73.52443903648812,-153.1869117,-226.7113507
Study 10,10,13,913,72.73894974440104,123.07625142216588,50.337301677764835
Study 10,10,14,914,85.58107444273848,-156.7915297,-242.3726041
Study 10,10,15,915,71.83675004997016,124.76721438061294,52.93046433064278
Study 10,10,16,916,69.29247305079635,349.6208198147211,280.32834676392474
Study 10,10,17,917,68.89411502653273,209.28222229548504,140.38810726895233
Study 10,10,18,918,67.33862465509164,230.36923716763596,163.03061251254434
Study 10,10,19,919,78.22790653631507,361.9595473605276,283.73164082421255
Study 10,10,20,920,66.76131349,30.096273548181713,-36.66503994
Study 10,10,21,921,70.66023833176872,356.21799326942613,285.5577549376574
Study 10,10,22,922,75.21049799814722,163.88563370170777,88.67513570356056
Study 10,10,23,923,63.19499215126768,-291.5373334,-354.7323255
Study 10,10,24,924,54.61887582347058,24.486828985375674,-30.13204684
Study 10,10,25,925,70.52507422184236,-64.28798256,-134.8130568
Study 10,10,26,926,72.32174703330737,6.430013725169289,-65.89173331
Study 10,10,27,927,74.32253324044298,118.17110270537319,43.84856946
Study 10,10,28,928,65.81401153818193,-25.95788905,-91.77190058
Study 10,10,29,929,64.50275436087169,-48.2038859,-112.7066403
Study 10,10,30,930,62.57267353921432,102.20352929370237,39.63085575448805
Study 10,10,31,931,76.38778123959544,171.50754196059563,95.11976072
Study 10,10,32,932,62.28422198747175,-215.6473688,-277.9315908
Study 10,10,33,933,50.438651341154255,138.92200961060894,88.48335827
Study 10,10,34,934,53.76683865060974,213.10007136984254,159.3332327192328
Study 10,10,35,935,73.79804704,-28.67170642,-102.4697535
Study 10,10,36,936,49.63561442854116,202.64635694953262,153.01074252099144
Study 10,10,37,937,61.72347282230889,346.5022796065962,284.77880678428727
Study 10,10,38,938,74.27181901,91.63904322719624,17.367224216847234
Study 10,10,39,939,71.79665865743993,93.56420352010156,21.76754486266163
Study 10,10,40,940,58.68266638961415,-24.45256642,-83.13523281
Study 10,10,41,941,57.347480908018454,-6.768471902,-64.11595281
Study 10,10,42,942,61.07854661716256,153.9460931569094,92.86754653974684
Study 10,10,43,943,62.02814698789977,-108.1259179,-170.1540649
Study 10,10,44,944,65.82293407632517,141.0960614750399,75.27312739871475
Study 10,10,45,945,61.96493427961832,207.3451792790447,145.38024499942637
Study 10,10,46,946,79.51917014676297,246.40913581201306,166.8899656652501
Study 10,10,47,947,79.77519368188344,-51.9519639,-131.7271576
Study 10,10,48,948,54.33809357641449,-149.161309,-203.4994026
Study 10,10,49,949,67.56250151805055,329.3242217654116,261.76172024736104
Study 10,10,50,950,69.66908047195228,-162.810012,-232.4790924
Study 10,10,51,951,78.02688730265216,11.08433678650512,-66.94255052
Study 10,10,52,952,70.91753461898232,45.21379320686907,-25.70374141
Study 10,10,53,953,73.33653210969639,114.17066887389156,40.834136764195165
Study 10,10,54,954,54.75216143498799,73.55510448411863,18.802943049130633
Study 10,10,55,955,70.91572897,-76.35504935,-147.2707783
Study 10,10,56,956,66.41339488266163,92.78618792318545,26.372793040523813
Study 10,10,57,957,80.61044334280712,-116.0010315,-196.6114748
Study 10,10,58,958,80.89079879230614,-4.382513336,-85.27331213
Study 10,10,59,959,52.692180314682815,-195.2315955,-247.9237758
Study 10,10,60,960,75.89003272542458,-35.59647306,-111.4865058
Study 10,10,61,961,73.21994302914094,30.408478439715566,-42.81146459
Study 10,10,62,962,74.49820493,52.068357417591976,-22.42984751
Study 10,10,63,963,49.186777943993086,93.56810393578687,44.38132599179378
Study 10,10,64,964,71.58276717811981,88.98202068573215,17.399253507612336
Study 10,10,65,965,80.23415422448974,-61.32609544,-141.5602497
Study 10,10,66,966,56.10827337510181,237.26234372128857,181.15407034618676
Study 10,10,67,967,71.45025777620022,135.2726634470207,63.822405670820494
Study 10,10,68,968,74.02350460188143,198.87415917025493,124.85065456837349
Study 10,10,69,969,63.38883296582992,263.9637728492922,200.57493988346226
Study 10,10,70,970,54.09766352,147.1586356322515,93.06097211
Study 10,10,71,971,66.42048790996812,3.6475688253783574,-62.77291908
Study 10,10,72,972,64.03062993499897,315.11379637245636,251.08316643745738
Study 10,10,73,973,61.506567567741854,232.8911985,171.38463095826316
Study 10,10,74,974,56.95227920871412,244.07224337898435,187.11996417027024
Study 10,10,75,975,81.25791693934588,-69.97501296,-151.2329299
Study 10,10,76,976,60.00582927662556,166.00472656046549,105.99889728383992
Study 10,10,77,977,78.81426024623562,259.6775028578463,180.86324261161073
Study 10,10,78,978,73.41094512165517,212.77562352098366,139.36467839932848
Study 10,10,79,979,73.79704641747261,-153.5074034,-227.3044498
Study 10,10,80,980,78.73190109484672,-0.684455277,-79.41635637
Study 10,10,81,981,73.07781574438812,10.322006483076521,-62.75580926
Study 10,10,82,982,58.757363435673085,156.42631817161964,97.66895473594657
Study 10,10,83,983,72.47159642986401,193.75758400467936,121.28598757481535
Study 10,10,84,984,69.58674251702504,153.09369720306685,83.50695468604181
Study 10,10,85,985,79.9388916,-13.0549593,-92.99385091
Study 10,10,86,986,67.55844926183677,234.1666284293102,166.60817916747342
Study 10,10,87,987,56.65410960744472,-40.82060713,-97.47471674
Study 10,10,88,988,81.78607810147459,40.15501724497983,-41.63106086
Study 10,10,89,989,78.53385647680045,241.41824409950462,162.88438762270417
Study 10,10,90,990,70.16744239311268,119.8375408290034,49.67009843589072
Study 10,10,91,991,68.17617509409801,39.423869738157045,-28.75230536
Study 10,10,92,992,73.82102120732193,-24.88586327,-98.70688447
Study 10,10,93,993,71.49829156653735,23.97470889961255,-47.52358267
Study 10,10,94,994,82.07133416604788,76.03129037637414,-6.04004379
Study 10,10,95,995,76.19541394064515,90.04223596108416,13.846822020439008
Study 10,10,96,996,80.12558225434618,124.9223127665545,44.79673051220831
Study 10,10,97,997,67.24304270743073,21.998416297796773,-45.24462641
Study 10,10,98,998,93.11195424403931,105.40350610261386,12.291551858574554
Study 10,10,99,999,68.48746300993314,192.46293510867963,123.9754720987465
Study 10,10,100,1000,77.96572605172275,205.3437532613741,127.37802720965136
